bin1_id,bin2_id,bin1_mean,bin2_mean,WeiTot,WeiBlend
0,0,8.491659229743426,0.2568147032615099,715560.7215600591,245888.990181908
0,1,8.493349296772037,0.3588382037934168,715559.7199398316,250552.59766624495
0,2,8.477372074128578,0.41471831038933804,715558.1006214693,247320.97585592605
0,3,8.454152543751645,0.4580746556710368,715566.00174205,243840.9961009547
0,4,8.430270682605343,0.49501117793307126,715554.8499413002,243318.10964484885
0,5,8.413163509755076,0.5276561416377052,715560.4527876759,240090.7120906934
0,6,8.39259497250446,0.5573050289845572,715564.8109479472,240590.43638422154
0,7,8.380073755288938,0.5846591628205621,715557.3514793981,239328.3111275863
0,8,8.349914754639263,0.6103858203349798,715561.0744426828,237489.55007912964
0,9,8.336548833891523,0.6347946153969511,715567.4072099235,234984.56941842847
0,10,8.314175124546166,0.6582490141640583,715553.569827552,233801.44072788022
0,11,8.29029265604612,0.6809382646436845,715562.7009482309,232379.01038477663
0,12,8.270629199248349,0.7031249386426027,715556.8164194543,230575.8503549043
0,13,8.252544502576042,0.7249988477631238,715564.3146230681,227295.28385960497
0,14,8.225911425141101,0.7468558257513421,715562.5547361337,226766.76827017032
0,15,8.207893881698977,0.7689515404040236,715560.4182476355,224402.36983232107
0,16,8.186664727579856,0.7918969374469057,715558.8143405421,222753.31768954732
0,17,8.147431145876531,0.8162719695687143,715556.9455446545,221037.2043792978
0,18,8.119091148337397,0.8434214982232947,715560.5749098957,218024.7380002439
0,19,8.129967230864134,0.8772954919972513,715560.6777363587,216285.7873678254
1,0,10.677484376546241,0.24792477017909506,717830.1679210961,266417.60587742925
1,1,10.671648076057267,0.3328115844510134,717838.5767854527,262319.46452165395
1,2,10.664805192895972,0.3819045584646466,717834.6000046581,262098.51167222857
1,3,10.66225185249766,0.42155700155943654,717834.0680187419,257953.84482506663
1,4,10.658491216988539,0.4560537859794392,717829.7583650574,256344.29267390817
1,5,10.661627773862364,0.48747748119173945,717832.9244425986,254928.55111219175
1,6,10.65684147448185,0.5167020702834954,717838.1463656891,252262.409630917
1,7,10.653025844469243,0.5446018824324267,717831.9912233725,249519.48506633192
1,8,10.646737728989095,0.571360494314955,717833.9472975191,249974.40497455187
1,9,10.645171383429242,0.5972963118639801,717834.0470761526,248150.17260863818
1,10,10.644488041523784,0.622728571719141,717832.6102249045,246247.6938072741
1,11,10.639761032623904,0.6476779202567502,717836.5382446442,242275.60778094083
1,12,10.637524200230343,0.6722746184573418,717838.3326595686,243043.6551766023
1,13,10.636450375647506,0.6968528842171351,717824.0983150229,239795.33540242352
1,14,10.638058223212084,0.7215535682851684,717835.242652962,238790.48910925165
1,15,10.635204170499929,0.7467519765417476,717827.8951755427,239948.71019432507
1,16,10.631929385037855,0.7728474887871876,717843.0279925317,233553.7513385117
1,17,10.63453647738107,0.8008177280670568,717834.7763366774,232389.98478880432
1,18,10.634936648501558,0.8323643466297902,717830.8322774572,229978.3997397311
1,19,10.639690371579773,0.8726863313641321,717831.6201095087,224855.59736495465
2,0,12.449063770654304,0.24140851069387115,714431.0331558138,267517.96438898146
2,1,12.454015059064622,0.32329525849772994,714426.2896496058,265386.59849870205
2,2,12.453002957618276,0.3705108131128774,714427.9478071034,259413.54564133286
2,3,12.450831290395117,0.40841430675428214,714437.732629735,256114.5402738601
2,4,12.450125944363132,0.44148856501599093,714434.327615235,258747.60449752957
2,5,12.44583735052175,0.4717335785808982,714413.5197847188,255355.84046772122
2,6,12.448589090618523,0.5000509606409042,714429.645778507,253338.16114395112
2,7,12.444668276091267,0.5273375589400151,714432.8835122697,252724.01096674427
2,8,12.439410021308488,0.5541477231763284,714433.0441138968,247181.77142550424
2,9,12.438413925600987,0.5804356676443702,714426.4427807666,248355.83272710815
2,10,12.439556099373858,0.6064438131545976,714428.9974658303,247071.97184432298
2,11,12.433046793229842,0.6322990298082807,714429.4756849296,244511.40971636958
2,12,12.43017443611908,0.6583146781156213,714425.0070890803,244126.02750194073
2,13,12.428422851457741,0.6844491100462421,714434.5077825468,241841.06698461436
2,14,12.430180661334363,0.7109335428882387,714428.0268484261,239608.32135648467
2,15,12.427474663596179,0.738054126762577,714430.8015579637,238059.25464519486
2,16,12.428580739209847,0.7661637070077474,714424.5376430694,233920.87026173435
2,17,12.428155192455263,0.7960901146567415,714432.2158156093,234192.34310081787
2,18,12.4304212500184,0.8296818311984981,714432.0767691918,230235.85735672154
2,19,12.439399992565145,0.8719021290697949,714425.7289858591,226821.3482821677
3,0,14.161476056075287,0.23566381433415098,714389.3042250872,267336.5588249564
3,1,14.15508301002799,0.3157440422845545,714376.7673318684,267236.85918447375
3,2,14.154509418776497,0.36198635264058154,714386.7163638473,261416.39614099264
3,3,14.151830905280164,0.3988630380824592,714390.8873666376,259431.28303468227
3,4,14.153992706370662,0.4311014257642587,714375.1423749048,255817.81344859488
3,5,14.15277882300546,0.4605268816321511,714389.9859060347,255752.88446187973
3,6,14.155490272295065,0.4882739826466009,714396.3841961101,254465.20007809252
3,7,14.149513259169387,0.5150929816321842,714390.5709572062,254363.22882483155
3,8,14.15001438501896,0.5413630691374467,714366.1640489735,250683.9388324283
3,9,14.149080305374634,0.5674274283870948,714388.1985260062,248306.44774873927
3,10,14.145725421927098,0.5935858032802148,714382.9316577576,248854.4313500002
3,11,14.145509958407818,0.6200201086385895,714380.705228433,246646.0486481674
3,12,14.140528040833496,0.6468100651850203,714388.7224806733,243804.0306818448
3,13,14.143090971186934,0.6740737425062207,714382.8909950554,245093.72283514217
3,14,14.135651347453834,0.701948865663741,714385.2835683813,241886.7888095174
3,15,14.13754892226849,0.7306097029202414,714387.312116799,238766.7647870956
3,16,14.139918499443429,0.7605479425558294,714388.955489682,236456.8722411655
3,17,14.138870834469948,0.792367866738431,714380.3207429443,234426.33920242824
3,18,14.13741470611468,0.827860615964034,714386.6774074677,230242.54907174502
3,19,14.14550147443636,0.8716578184904886,714382.8711287482,228279.56467384938
4,0,15.905689180795402,0.2277261793477472,716477.5885231495,266574.94667100906
4,1,15.898405720327682,0.30754682472883976,716478.6093457639,264295.88964405656
4,2,15.888490017379056,0.35398419884224924,716473.3084148765,267471.46827691793
4,3,15.89236628541379,0.3910271851394093,716476.654399991,261736.0028360784
4,4,15.889425382796903,0.42319846960429724,716472.2502644062,259240.72699570656
4,5,15.888492523051028,0.4524060333175029,716480.0798787773,258454.53813123703
4,6,15.891566284258872,0.4798097410965344,716478.7529326081,254657.5254008174
4,7,15.891506394130609,0.5061285940230454,716472.3957241848,255072.46455693245
4,8,15.88844994994907,0.5320472389692243,716476.1187698916,253732.24791825563
4,9,15.886203698615109,0.5577646132606694,716472.0602475926,252197.01581826806
4,10,15.890057064751664,0.5837938202103214,716477.9815488905,245939.36676095426
4,11,15.88841190012049,0.6101652946518455,716474.5866906792,245161.9291608557
4,12,15.88641312944484,0.6373006677080104,716481.3424953185,244772.51001426205
4,13,15.882737605019152,0.6652042491058101,716472.1415583566,245457.86483368278
4,14,15.884942001053108,0.6940128171606375,716472.6363459267,238798.7939474024
4,15,15.877665284233345,0.7240320459739135,716475.611977959,239329.16903328337
4,16,15.87702662846598,0.7553853797394341,716482.0595155396,236665.00800434873
4,17,15.87720415511977,0.7891978078195883,716476.2023424506,234081.8096474614
4,18,15.87931914733176,0.8264283191969991,716469.7034990955,229200.7923954595
4,19,15.883157048070796,0.8716532961823745,716477.2236190345,224775.64180699177
5,0,17.741124865450274,0.217384415133839,713689.5867636204,267507.63277983665
5,1,17.721492319567567,0.29803425372025055,713702.6614287496,263549.12442183495
5,2,17.71822527770527,0.3449498752634839,713691.4690687656,263533.54383158684
5,3,17.713090502626336,0.3824243633538424,713699.0797123611,266786.30684784055
5,4,17.71656055172619,0.41480339094179247,713700.9081185609,262899.40717740357
5,5,17.718072834151293,0.44415427988020556,713686.3842014074,262052.43974936008
5,6,17.71880799106892,0.4717459591443279,713701.2595736235,259137.49722492695
5,7,17.70969271516686,0.49818596315773755,713691.7276852131,256329.93378919363
5,8,17.71801034889379,0.5240550914121881,713697.9505948499,253137.40608882904
5,9,17.71434515171785,0.5497230474520557,713694.6466374174,252254.6861807555
5,10,17.71418968297675,0.5755757568633759,713702.5509029776,247539.0366680622
5,11,17.713044118411958,0.6018578837009225,713690.0449578539,247606.1892549321
5,12,17.715977663102674,0.6289977744034807,713702.3146149889,245521.0608742386
5,13,17.71195429271742,0.657073186742492,713689.1841986775,240644.89297413826
5,14,17.709644180957806,0.6865552856511276,713698.8086705841,239706.15665575862
5,15,17.708078605910664,0.7174111365055057,713696.6216429304,239750.44651960768
5,16,17.70634656659165,0.7499892629686331,713694.8510424979,235848.9440024346
5,17,17.707062930499625,0.7852517361939423,713700.6900025252,233914.3753697928
5,18,17.703838269908747,0.8243904216947445,713696.3080279101,228219.00348092802
5,19,17.70853555629042,0.8711189521994082,713691.9017151622,224763.04166647233
6,0,19.697469507185545,0.2061325760031274,717588.1419539452,268146.9485049248
6,1,19.68677584884811,0.2868492149367349,717599.0194387436,269489.19957375526
6,2,19.679047972639236,0.33443060249424156,717585.7918424606,270731.89219760895
6,3,19.673455580208593,0.3723967225567016,717599.2757133245,268715.7237225771
6,4,19.66895165990827,0.40546435218027954,717588.0030970573,266647.3821671009
6,5,19.66671763371503,0.43531831399809356,717604.5564248562,265527.4198192358
6,6,19.665196323651035,0.4633378626033586,717580.6267682314,261471.7709453106
6,7,19.672937248483937,0.4901884185698781,717600.6164976209,262704.86490516365
6,8,19.669487310105215,0.5164261040674162,717592.2207422853,260136.02738839388
6,9,19.66755198425811,0.5422619466537201,717597.5425903499,256973.71890079975
6,10,19.66930914380837,0.568234439183106,717582.6265586168,254549.12171901762
6,11,19.673343562172107,0.5945653810243453,717595.7413065583,250385.9649142027
6,12,19.666487258255408,0.6215564017448583,717590.5583306849,247618.92317003012
6,13,19.66206784247304,0.6497606110208256,717602.3140436076,247179.67512811348
6,14,19.664060258346844,0.679487364565043,717588.0016478281,245833.80845817924
6,15,19.659571543811914,0.7108020703787463,717606.2437492535,240611.25616201386
6,16,19.66695730650096,0.7441391504159086,717581.2865779307,238346.3783449512
6,17,19.66140045988989,0.7804598653114398,717597.1516694911,233164.55025213212
6,18,19.65765335480453,0.8209785616652798,717588.676010929,231343.5651310645
6,19,19.658893261941234,0.8698607628185486,717593.5957367178,225143.6640418563
7,0,21.82711244119134,0.19746202597418927,713256.5486526489,273663.7796344757
7,1,21.823759339253986,0.2763949358888058,713254.4369716644,267660.96179294586
7,2,21.815305966068298,0.32435115375335266,713250.4427089691,268674.75842380524
7,3,21.809886219547128,0.3626050817488214,713260.1323950291,266207.35887122154
7,4,21.81190904737472,0.39611140275954587,713260.9778447151,265185.48845148087
7,5,21.805768543787746,0.42681566674655486,713255.1622232199,264311.07454907894
7,6,21.800518639651916,0.45582269284204163,713246.8099327087,263941.33152759075
7,7,21.801481711409807,0.48319310578375746,713257.0780500472,260291.33648490906
7,8,21.803032783219976,0.5095508750646686,713257.8248690963,255621.97876477242
7,9,21.799048164497002,0.5354700714934426,713257.943036519,258595.2714111805
7,10,21.803090380846186,0.5613022470956133,713246.6002724618,253128.5536237359
7,11,21.805215130255036,0.5875799704792709,713277.0422464609,250364.60555517673
7,12,21.803118165667772,0.6145700340481656,713232.2236578166,247836.4103910923
7,13,21.801230305258176,0.6426020352118915,713254.6566841751,244220.39987814426
7,14,21.800392131426136,0.6723557245241941,713268.4153119028,244553.12849609554
7,15,21.801048985259662,0.704131218201716,713246.7840854079,240641.52538321912
7,16,21.800722180126826,0.738170887310917,713249.8159031235,236496.20219935477
7,17,21.799478755812807,0.7754774798215804,713254.6448926888,232842.71769655496
7,18,21.796607462643163,0.8176254644199743,713262.6155334543,229035.46293687262
7,19,21.796219985846736,0.8686651558974414,713254.3977230676,224221.3277224563
8,0,24.19399579284519,0.19303456675032205,716330.9125494957,269871.7306814194
8,1,24.198847685454556,0.26699703780908374,716326.587059021,265342.01466321945
8,2,24.201037844831543,0.3139639553754385,716333.0615830421,266388.3029689789
8,3,24.186484306329262,0.35230578262093953,716323.2713003159,267754.71160268784
8,4,24.185463941452124,0.386450120736806,716331.8168127537,268227.7754843235
8,5,24.180179983443946,0.4176431650461636,716331.7292020321,266162.12073898315
8,6,24.177433733818756,0.44698253782992237,716328.3036367893,267170.27189707756
8,7,24.1762664314389,0.4748985767959254,716355.503869772,267098.9402503967
8,8,24.17723862868242,0.5018327467903229,716303.5230512619,263067.71583771706
8,9,24.17628720334769,0.5282572657094455,716342.8915193677,261491.25428915024
8,10,24.179388211105792,0.5545999596190175,716320.8138283491,253993.77256643772
8,11,24.174865907297164,0.5810664097261442,716336.0186531842,254722.48348474503
8,12,24.1758511185714,0.6080536224975391,716330.809002772,248875.49372565746
8,13,24.177688686367766,0.6361958031132084,716330.82249403,248063.94981229305
8,14,24.170169363893947,0.6657044656068357,716326.8890831731,244628.39785826206
8,15,24.170972265631296,0.6974704668332978,716332.0066624284,241429.36367855966
8,16,24.17501133830832,0.732112378284853,716324.2778715491,239926.73297595978
8,17,24.175404049814198,0.7701381188575044,716329.9849556666,235123.33895108663
8,18,24.17092851518402,0.8134655919194477,716333.5751139261,234775.6307209041
8,19,24.16708403012658,0.8669989238115713,716330.3021274861,227938.36287928745
9,0,26.882326021626817,0.1894913148421983,714225.9477672577,270255.2617378235
9,1,26.87185918630119,0.26065809558386444,714222.0668292046,269609.30569791794
9,2,26.87078317008987,0.30534960137995915,714222.5375794172,267859.2882077694
9,3,26.868618214260376,0.3427649386067173,714220.0040765777,273381.418902874
9,4,26.87252244130807,0.37636620102163737,714216.864420414,271019.80483722687
9,5,26.861385056260552,0.4076905154306548,714221.9348535538,266863.75947999954
9,6,26.85165874254161,0.43724566038855395,714228.6260738373,265452.0899658203
9,7,26.856898585933887,0.46570455365807134,714212.5108722448,263495.4432475567
9,8,26.858569004078177,0.4934124473464882,714213.8906197548,261185.08764648438
9,9,26.845611171888375,0.5206446126952874,714228.5039527416,263033.3195722103
9,10,26.84263269018716,0.547638110105724,714220.27993536,260465.423432827
9,11,26.847903319361244,0.5747935898370036,714224.0993922353,255301.29038262367
9,12,26.848202817144763,0.6024289692889921,714209.8888264894,249218.17948168516
9,13,26.853170574044576,0.6309264707528294,714227.7013452053,247684.3446481228
9,14,26.8517251455348,0.660490190602085,714226.610022217,245539.05144035816
9,15,26.857305006620706,0.6919406213243123,714212.7953076363,241721.32549631596
9,16,26.850050045926853,0.7264279402745506,714219.8155899234,237052.97145408392
9,17,26.847309541461172,0.7650522074941972,714226.1849444956,234577.278123796
9,18,26.84095736434027,0.8090863115030488,714220.5752973277,232265.4081352204
9,19,26.83091165546871,0.8648590890098399,714220.6713477112,228003.3915688973
10,0,29.975413145421186,0.18147200627281998,714148.9785652161,272685.7029399872
10,1,29.952158046593098,0.25197058009935175,714157.0791954994,268773.4823732376
10,2,29.939982514699036,0.29639826787240137,714155.7194123268,270770.9430203438
10,3,29.935155887390767,0.3333607029056177,714148.417386055,272891.5145664215
10,4,29.93303432619719,0.36654223375303285,714150.6994638443,268906.08536720276
10,5,29.93531724941892,0.3973087099963277,714141.6549272537,264299.0559282303
10,6,29.929418542199947,0.426492278514169,714161.5918521881,265361.4432182312
10,7,29.9344643154266,0.45505623648530613,714152.7757582664,263702.5685367584
10,8,29.928817016851898,0.48311992590039493,714141.0159375668,262980.2354667187
10,9,29.9290827230254,0.5109455655779923,714164.1939408779,263114.6333949566
10,10,29.924951351592846,0.5387504223840556,714148.6344475746,259878.38115215302
10,11,29.922637565784726,0.5666907971108885,714154.3454623222,254584.8458545208
10,12,29.91706486021896,0.595277744668839,714149.7837438583,254373.66385698318
10,13,29.92352986972006,0.6242514207388544,714142.9825128317,249279.15190672874
10,14,29.927502267813765,0.6541676243201208,714154.7887900472,245484.67082738876
10,15,29.92229165456569,0.685925683684978,714146.1633720398,242558.81593120098
10,16,29.919585092445306,0.7204472701034009,714158.2689807415,237323.08843368292
10,17,29.918195413139834,0.7594997911374883,714156.4609279633,234805.59214365482
10,18,29.915903950367312,0.8047349649977661,714145.123978056,229283.3118044734
10,19,29.915010269903146,0.8626048538812942,714153.3210352175,223710.55472090654
11,0,33.60882334991617,0.17197425836066538,715532.5006847382,268776.5386390686
11,1,33.5881771190991,0.24022350087176778,715542.8805294037,269489.1821575165
11,2,33.55960613542338,0.2848762738516213,715528.8033761978,270214.2011871338
11,3,33.54628148421732,0.32218998866717746,715533.1394433975,273161.4893360138
11,4,33.54956279977994,0.35594019349437256,715541.2429747581,266412.87774038315
11,5,33.54285782102885,0.38738151156145095,715528.6188225746,268694.0315389633
11,6,33.549902326671706,0.41708595047275754,715536.8322341442,269617.0050430298
11,7,33.54539293182792,0.4459001769870903,715533.3274431229,269760.18117046356
11,8,33.54906682891285,0.4739148788976251,715536.0133113861,266426.92903089523
11,9,33.53894242258817,0.5018496197293085,715526.6659238338,265051.1355147362
11,10,33.54628245036444,0.5300921950684174,715542.7452507019,261544.08103227615
11,11,33.53504926388619,0.5588196358189265,715537.3616690636,258698.80888462067
11,12,33.53241545774099,0.5881782448664701,715530.3482756615,254564.09948587418
11,13,33.521110273051924,0.6184210765276887,715540.6369006634,252042.39763855934
11,14,33.52334696981027,0.6495094016010085,715530.8483432531,250265.2122761011
11,15,33.5432631653091,0.6817587159728048,715530.6858190298,244007.0686377287
11,16,33.54201312437896,0.7163378745856654,715530.145435214,239931.3332812786
11,17,33.54682257912554,0.7552791581282842,715539.6013317108,235329.7939271927
11,18,33.53998495624464,0.8010958998549867,715537.7140508965,229934.0746742487
11,19,33.53376224238601,0.8604235831964614,715530.7697569318,223994.0366379097
12,0,37.950258262733584,0.16026395683009242,714949.5072879791,266656.008641243
12,1,37.93129347670757,0.22672311625188615,714956.3946485519,268940.3771162033
12,2,37.901095322948024,0.2703250457877823,714955.7580430508,269444.1429936886
12,3,37.8942008338095,0.30773402847760045,714951.4140729904,270391.8340873718
12,4,37.87156889155184,0.3416977584852688,714945.673116684,268073.9705619812
12,5,37.850489224634664,0.3736618855268557,714960.1288356781,266691.773065567
12,6,37.852460247480096,0.4039930643407718,714939.6194133759,269698.0549612045
12,7,37.83586819198888,0.43345779672351464,714961.4985647202,267751.137588501
12,8,37.84218231467413,0.46250636299427783,714955.0467061996,265206.7995944023
12,9,37.83304310036189,0.49118543888576394,714947.6571726799,262529.82116413116
12,10,37.84095793099088,0.5199928477918115,714945.3616900444,261628.63875818253
12,11,37.83949553842855,0.5490022131830136,714960.4783506393,256837.66165590286
12,12,37.84524027012673,0.5790964165332015,714946.159796238,256387.12446403503
12,13,37.8548704900203,0.6103291062951038,714959.5085058212,252025.9072060585
12,14,37.85750008174812,0.6424492975560472,714942.8477773666,249257.47563934326
12,15,37.844181226298566,0.6759118286363089,714961.4485558718,246350.84351062775
12,16,37.83638237063439,0.7110476424936696,714942.3768455982,243490.55431318283
12,17,37.852086884558084,0.7502517880593672,714962.1959692985,235237.10387563705
12,18,37.84007393928521,0.7967089566638632,714946.917660296,232816.0943851471
12,19,37.82336802850191,0.8577431182830387,714950.926252272,223041.43953362107
13,0,43.22673921566035,0.14930022613774374,716087.8522720337,275660.7035102844
13,1,43.183485005459524,0.21113319375493494,716087.3361673355,269279.2356929779
13,2,43.161700325245604,0.2527934951664227,716076.512216568,271867.803650856
13,3,43.15118976579683,0.28894873585659303,716097.2204551697,271265.2006216049
13,4,43.135054669464424,0.32219443340950626,716077.5318965912,271663.36871910095
13,5,43.11381155448591,0.3537777193474244,716089.3291721344,275817.4134607315
13,6,43.10536993380628,0.3843752629840024,716079.6567792892,274624.8690099716
13,7,43.09625211377765,0.41450864841192603,716084.0211801529,273222.01124191284
13,8,43.10490416287524,0.4442595841739571,716096.4294862747,271074.809261322
13,9,43.08683010625127,0.47398533517482455,716081.0279092789,268313.65285778046
13,10,43.08031413354293,0.5038568423634484,716087.7275209427,266185.71710014343
13,11,43.06866841743685,0.5342702121598565,716080.9751086235,258457.80047225952
13,12,43.062605972382606,0.5654407252187232,716089.6805686951,258177.69098758698
13,13,43.078111670365864,0.5974575902909305,716085.4920883179,256112.37821865082
13,14,43.0598697936737,0.6307175555380603,716082.6987142563,252241.0982131958
13,15,43.082522025212896,0.6659978138655146,716080.0314502716,248888.1906671524
13,16,43.062793068509485,0.7033392720600762,716086.6409476995,241295.72018766403
13,17,43.05362473030704,0.7438968839767716,716083.0717301369,233053.31530618668
13,18,43.07529084741115,0.7911089345167099,716088.4179157019,231293.83357310295
13,19,43.049177931244095,0.8544812312247498,716087.6191241015,230619.0938229505
14,0,49.78431236600755,0.13915467407294205,714868.2762537003,271023.09234523773
14,1,49.76188590418398,0.19576289317979614,714870.3901824951,263216.0510597229
14,2,49.71763452355831,0.23443978287993875,714875.0466060638,263367.67089271545
14,3,49.70861166178186,0.2682869977782476,714873.7442274094,266405.48001384735
14,4,49.68255469954711,0.2999069633437284,714875.6599533558,269653.6414682865
14,5,49.67064193330611,0.33034036425256974,714864.8713560104,275279.01482486725
14,6,49.645094863848904,0.3599737647048538,714884.2938890457,275980.5199918747
14,7,49.63426487066296,0.3894670505548155,714869.294845581,273402.81109142303
14,8,49.62088703124207,0.41910518930768426,714862.6147451401,274506.95792007446
14,9,49.6094288984064,0.44900720848657055,714873.4355888367,269540.19586753845
14,10,49.59481566420746,0.47968437678822085,714878.5698928833,268412.63033390045
14,11,49.60787695606665,0.5115165467389133,714870.5531787872,267883.9580068588
14,12,49.577741990570836,0.5442242752559071,714869.4277620316,262705.9181289673
14,13,49.60214015794276,0.5780934690787843,714875.4272284508,259255.88398361206
14,14,49.568215781462015,0.6134044200425235,714865.6772732735,255184.509680748
14,15,49.57688008440909,0.6503275096324954,714880.033624649,250232.2708067894
14,16,49.573753061321234,0.6896411782804043,714872.7350466251,240229.44833612442
14,17,49.58170486989372,0.7323720080665498,714871.9420952797,239438.95978069305
14,18,49.56614245155803,0.7822907019222748,714870.9376466274,232991.24369812012
14,19,49.53247731552901,0.8499552090252304,714872.2322208881,221259.01749658585
15,0,58.33033426748313,0.12993595641269282,715220.2764520645,262160.9589290619
15,1,58.271541992525805,0.1806248367328867,715212.7672481537,265169.1194381714
15,2,58.25487057459883,0.21531242667970193,715224.8623666763,268269.7891731262
15,3,58.20117789687139,0.24612457708699137,715218.1531858444,273021.0144062042
15,4,58.154795218943754,0.27530203261000413,715222.3093929291,270235.4405298233
15,5,58.146545713329324,0.30409321111617543,715235.3789634705,272645.82206630707
15,6,58.1259432451454,0.3328251863212543,715201.0168514252,269878.71602630615
15,7,58.10355567627237,0.36161507197204706,715216.2452793121,268112.5601348877
15,8,58.098590728429784,0.39070974410040576,715245.7743730545,268767.1219930649
15,9,58.11366814099515,0.42026208365032847,715197.3821439743,267225.08632946014
15,10,58.08767970472625,0.45089083832774407,715226.0974941254,269079.3392009735
15,11,58.0871043766973,0.48301075150630823,715210.1995592117,268769.6191968918
15,12,58.06059910756098,0.516514585875689,715228.082482338,259929.72607135773
15,13,58.02917836926927,0.5515999445248722,715216.0657978058,259176.70624256134
15,14,58.022542678977054,0.588597094375243,715218.5529966354,256224.05143547058
15,15,57.99554130985032,0.6280893830163262,715225.0630369186,252009.27231311798
15,16,58.005211075006514,0.6706572901371385,715214.8638768196,244631.39097118378
15,17,57.950319742277486,0.7175497322417971,715215.3697271347,238528.605989933
15,18,57.95627057034796,0.77119263369007,715229.9886040688,238512.32244300842
15,19,57.94927572305131,0.843826228360868,715212.7535518408,221793.7577946186
16,0,70.0117616642186,0.12037040144503622,715264.0288524628,278022.87007045746
16,1,70.02239850279064,0.1654239524833992,715265.5619268417,264067.31666755676
16,2,69.92436447583401,0.19676957891736133,715269.8604736328,266187.7913599014
16,3,69.79394581913917,0.2243699210451959,715271.5430030823,266783.01411914825
16,4,69.77812301617573,0.2509349167476441,715265.7594718933,271799.74750614166
16,5,69.79534521487666,0.2775587645961726,715254.3360824585,272654.5915298462
16,6,69.76046857950121,0.3043876522027515,715265.6565008163,273847.3050765991
16,7,69.7206624333564,0.33190702896141483,715277.8198795319,275092.34681510925
16,8,69.72950785602157,0.36027292389162513,715262.6293706894,274342.29603385925
16,9,69.69554086686878,0.3896547723018057,715261.1338338852,270710.27245140076
16,10,69.66421500155481,0.4204405254668507,715272.9236001968,268170.06467819214
16,11,69.6018170261838,0.45262365845440977,715266.8079147339,274662.7758665085
16,12,69.63271116523796,0.48667723078806063,715265.8292703629,268691.459608078
16,13,69.61383226653425,0.5226562191024692,715265.1426525116,261860.44412517548
16,14,69.64710759812101,0.5608200226430969,715265.3922986984,256743.75700569153
16,15,69.59686456352506,0.6014754896716764,715259.4807405472,254656.03950500488
16,16,69.54784185903247,0.646142321857222,715266.4837112427,249550.0773420334
16,17,69.42895361289607,0.6969201365872318,715265.8870306015,241192.51212406158
16,18,69.46385858834542,0.7565793499116525,715265.3976349831,234865.89811897278
16,19,69.52172077399872,0.8360283578482735,715266.5445325375,226665.62875175476
17,0,87.45931291738431,0.11039268849763555,714925.7430438995,285272.4661655426
17,1,87.19548369779545,0.1499953093706391,714927.3772420883,276271.31589126587
17,2,87.09913032426216,0.17721273664974435,714922.4726371765,271698.10406780243
17,3,87.03076742878754,0.2015712928414784,714912.0196180344,271972.6034889221
17,4,86.99532351248078,0.22500087689617027,714929.7477321625,272269.1606798172
17,5,86.93641896499282,0.24902196288338457,714925.7102279663,268053.9823999405
17,6,86.85508872958737,0.27334450244620867,714927.036277771,269525.47296333313
17,7,86.76430239166716,0.29829923279016424,714923.5244102478,273401.8529987335
17,8,86.75657494580294,0.3244240457782829,714922.7334079742,273075.2319803238
17,9,86.72448502006989,0.351759367332669,714922.9831562042,271085.1565647125
17,10,86.71262713608374,0.380526112882401,714915.0939950943,275006.810128212
17,11,86.60784306327042,0.41113451484353936,714921.4190816879,268463.1882047653
17,12,86.60123582457946,0.44386500286741126,714931.783244133,263052.2463979721
17,13,86.56570242492697,0.48005974635522725,714914.6700849533,266277.04488277435
17,14,86.4719577968749,0.5196763953813635,714934.1592502594,260494.3391456604
17,15,86.48758399575797,0.5624122674766716,714921.3880653381,254699.60298252106
17,16,86.38798000266002,0.6093957510802052,714920.1593027115,250380.13284873962
17,17,86.22795619424666,0.6636067193398104,714924.3884382248,241448.41396713257
17,18,86.19663499975226,0.7314464906002314,714914.3534288406,232853.52627372742
17,19,86.25558499540287,0.826423144422995,714930.1439442635,222307.45212697983
18,0,115.23579044724325,0.1022161262875171,715250.7612810135,286158.99789714813
18,1,115.55548052223101,0.13562271554611588,715262.112241745,272886.32665348053
18,2,115.41975031803452,0.1582820223455335,715257.725892067,270234.0329990387
18,3,115.31653798780174,0.17872569748908618,715266.4977502823,271422.5315799713
18,4,115.15727379980423,0.1985582357008336,715245.6481285095,272481.41335487366
18,5,114.95036904134855,0.21864143219169765,715268.5042963028,271317.3081855774
18,6,114.88983239404615,0.23938190758095854,715251.7254619598,273510.0566358566
18,7,114.7083572772756,0.26073283209398346,715252.4412145615,275434.0663948059
18,8,114.67295839525306,0.283286691037674,715263.323433876,275221.91763305664
18,9,114.64769655454064,0.30711919526034154,715262.800994873,274763.8355836868
18,10,114.46816836366678,0.33247106250000885,715251.7306241989,272093.76077747345
18,11,114.51995177878361,0.35957386945668995,715252.929099083,269162.9952030182
18,12,114.31353034506868,0.3891189564381436,715260.707824707,265704.07009601593
18,13,113.97982939797599,0.42229496006165435,715254.3853721619,268151.7674751282
18,14,113.94310339686838,0.4600934336800649,715268.1092128754,264687.25518608093
18,15,113.84336223337282,0.503683907266678,715246.5959415436,255731.9147157669
18,16,113.38361133616532,0.5540405057657999,715265.6198978424,253931.1200017929
18,17,113.30599928375078,0.6153506404074542,715253.2463150024,247641.438539505
18,18,113.30326663980595,0.6933750940916577,715263.7848052979,245372.01593589783
18,19,113.26714235762383,0.8090366160696153,715253.7533874512,227061.37754821777
19,0,175.33007573365134,0.10139899834633742,715141.4675970078,286391.94695949554
19,1,175.0945534269281,0.13233140244446526,715154.0342435837,277004.5511665344
19,2,175.52122602963712,0.15336533135337535,715146.7688655853,269730.2878084183
19,3,176.49028803867753,0.17205149922967378,715158.2776412964,266967.1191997528
19,4,176.77516933893364,0.18987740783278945,715148.0289525986,275508.613035202
19,5,177.9040978029232,0.2074010194513783,715153.3114748001,274503.40558815
19,6,178.32891307211867,0.22534566332254385,715163.2167606354,270853.39928531647
19,7,179.67304133142235,0.24396402765897549,715140.3264904022,268349.5237007141
19,8,180.6419555932431,0.2636977225486166,715144.1876850128,273754.4371538162
19,9,182.040052140482,0.28439149743148856,715145.7424507141,267792.2117948532
19,10,183.1590573516403,0.30599708806097503,715150.895816803,268627.6949443817
19,11,183.9244245047117,0.32933880644489477,715144.728105545,263511.59206581116
19,12,184.15534412932308,0.3547608567354504,715152.8180789948,264472.78910446167
19,13,185.44774011833366,0.38302244531046553,715147.3033437729,267180.33124637604
19,14,184.8976406267203,0.41534915788068877,715141.4847297668,263628.23181056976
19,15,185.7521658776943,0.45310515108298965,715150.8033437729,259277.6916666031
19,16,187.85574535961834,0.4977478682888412,715148.0454969406,255108.9371881485
19,17,189.80903527893588,0.5559969677346455,715159.9748392105,249903.55163288116
19,18,190.0208807909887,0.6384338424650138,715134.8265895844,244897.46765708923
19,19,185.07083961586156,0.7759237760877806,715156.6762332916,219921.90243721008
