bin1_id,bin2_id,bin1_mean,bin2_mean,m1,m1_err,m2,m2_err,c1,c1_err,c2,c2_err,varWei
0,0,8.090182709900743,0.26259623392351306,0.07083472095466385,0.13742357806876887,0.02080760108018292,0.13328140049507642,0.0019265821963712546,0.0009672682658100106,0.006102172503247358,0.00101150920500791,317374.77150000003
0,1,8.061713319986461,0.36230839939656323,0.1896302408685314,0.14114169196301998,0.28661919700281496,0.1436870493294069,0.0004590479093441952,0.0010339739872715465,0.0001092433009750603,0.001072366680690361,330212.9745
0,2,8.031912967302226,0.41903887370736603,0.3414279404161787,0.1502606150026526,-0.24571646333308836,0.14767487442098057,-0.001765179760175086,0.0010907469650632106,0.0010365431068675192,0.001098729466870264,331017.3824
0,3,8.02136350455865,0.4639998278108914,0.3769928281894879,0.15606253255125327,-0.14091186458943894,0.1621865241385908,-0.0020165770025887607,0.0011424095382432382,0.004920663361295366,0.0011615198631828383,333349.5771
0,4,8.003678345597407,0.5017102517608965,0.20175546555132268,0.15831237413722138,-0.18372076280020633,0.1570297121540641,-0.007118340361972766,0.0011579596849934295,-0.0064855252001293695,0.0013595564126355436,343037.76509999996
0,5,7.985842437905016,0.5347122486619178,0.021377333986302316,0.16451357264322608,0.012963200073998002,0.15773460131080363,0.0008513239590719591,0.0012862120265190653,0.00459951860447283,0.0012152836747302434,333100.18379999994
0,6,7.982526505875698,0.5645809631614388,-0.12366074113942539,0.1785403715653258,0.0489734918634629,0.1723232856097404,-0.005601963226626542,0.0012754732543389328,0.0032334188678357907,0.0012362461680859144,334534.8914999999
0,7,7.974972828370445,0.5920699123322841,0.10384426337639215,0.1828338332873376,0.0058175662853125094,0.1765265381626495,0.001955369427230234,0.0012818303448068117,0.0034999905362205585,0.0012747436522747096,339483.20920000004
0,8,7.960506634290987,0.6176557186028389,-0.09883123940544289,0.19077142501117442,0.24165921815046906,0.1832950444287539,-0.0011825693087508177,0.001303024541211732,8.348435467613058e-05,0.0013555663443478906,335557.68139999994
0,9,7.928981479870895,0.6419392619944639,0.39827961274556545,0.18834286603366537,0.05031815928628653,0.18931813575417883,-0.007442302774186259,0.0013823794075856625,-0.006507422231927041,0.0013696853550748825,324272.52890000003
0,10,7.915151602382639,0.6650286254080079,-0.020568090679245345,0.18982665930753723,0.01955353241342176,0.18932399139052059,-0.007122064479536769,0.0013761449289937905,0.004390724634187361,0.0014294883587633808,327250.4504
0,11,7.908405097675836,0.6873164987503332,0.03684625793235202,0.1969317036596315,0.20667220889439056,0.19560422953446271,0.0031367109932999866,0.0013951338425897371,0.013303211196962865,0.0015879127422750237,331264.13950000005
0,12,7.880130758071472,0.7089222918387034,-0.5834449619527597,0.19944929861336091,0.45904875955177254,0.21274405699168009,0.002042148435259756,0.001325968912593772,0.0016805469230364357,0.0014342370394917967,331834.0085
0,13,7.855643668843867,0.7303019149397753,0.04750055602500977,0.2044972193167881,-0.681610705467355,0.19798733333690946,0.004545221931998801,0.0014047463771713546,-0.005686115807441265,0.0014226239527433669,329987.2963
0,14,7.841851971246704,0.7517031916290069,0.029106309440116412,0.1879075898578362,0.12913195754558424,0.19020731579941494,-0.003199883015604758,0.0013635607836365274,0.0032076465629663747,0.0014208990058961718,329009.15880000003
0,15,7.828007224059593,0.7731431206459954,0.26551717277348513,0.18794857882430088,-0.2532797103951398,0.1940822122484381,-0.005194745435629141,0.0014165876132124695,-0.0018182972975124311,0.0013449805766742803,325002.35769999993
0,16,7.791276230838243,0.7955247785036754,-0.3911643353414705,0.18546036345866151,-0.2875933101493008,0.18928996947594165,-0.0048012809300993,0.0013204589772752946,0.006751837966402201,0.0013761940561174825,324025.3484
0,17,7.765683981862015,0.8191821354522376,-0.3575331715014091,0.1873700418317744,0.2430954463993397,0.19308278917276203,-0.00608015157526574,0.0012910406015916806,0.0068911321144599835,0.0012768517275198383,324160.7436
0,18,7.7446175697374215,0.8454274512612557,-0.14842062255547164,0.19171511823131276,-0.22357054730802636,0.19079491545711236,0.0018292917894621244,0.0012537758029574667,0.0001455224350241769,0.0012717498714573442,315174.8274
0,19,7.711318325158151,0.8764425565161639,-0.8644921723929773,0.19377927491871172,-0.1666200461830664,0.19663929576518316,0.0028022289065116825,0.0013493547699460313,0.001971520767730372,0.0012856587153789484,276362.0771
1,0,9.730868350945762,0.24991451881621995,-0.1403797774313225,0.15926904874536585,-0.011629522671070354,0.15160541177348263,0.002921456443040822,0.001162954300275666,-0.001978689764100787,0.0011339281497776735,364420.2169
1,1,9.745688511233766,0.3352341435458708,-0.26455877177691467,0.1646564218508042,0.024568207883429657,0.16327733164515817,0.001653753406933357,0.0012385505249355873,0.002463116475535825,0.0011920601305475328,374381.5291
1,2,9.737481690255935,0.38484868406186834,0.1285854066605456,0.17364100984171016,-0.09960508469659447,0.17051942864713304,-1.9569316467251847e-05,0.0012437153658221988,0.002350996105521869,0.0012197648708435977,378345.74450000003
1,3,9.724997774524507,0.42476166103404445,0.3809211743052498,0.16954867927783632,-0.16617221882271718,0.16814139304906434,-0.006597569142512302,0.0014114106324523256,0.006430134074717001,0.001327233509616366,369322.4222
1,4,9.726102566246372,0.4590977690847629,0.33731074067192784,0.1807795740468206,0.21769635835386172,0.17985174567801293,-0.00047104861654024606,0.0013425509999788613,-0.0006453416266011576,0.0013518142393048696,370249.681
1,5,9.721065668375052,0.49037303155085304,0.38352477434856774,0.1820198379842088,0.45447173732519586,0.18370676014949544,-0.006795635867412211,0.0014145688259981756,0.005725106228593331,0.0013545686091520895,382453.56580000004
1,6,9.704405850729039,0.5200154835768543,0.2062290092518581,0.19802150068314323,0.09088806726717141,0.1934118417639608,-0.007954362419778276,0.0015196682916554327,-0.008636529769419206,0.001510415541826836,369787.5437
1,7,9.711246103199747,0.5477840241041142,-0.5015864968320275,0.19558083965601356,0.13560745648995076,0.19817297071945283,0.0015154472613578842,0.0014774763108994823,-0.0027929834455689287,0.0015088592658355064,377834.8335
1,8,9.707983633448592,0.5743534376589137,-0.05187721799803096,0.20656465089732787,0.011694758940766452,0.1982133743932402,0.006785466220359902,0.0015576359805853442,-0.0018397317605631843,0.0014283892541501894,378379.6748
1,9,9.69878492935629,0.5998777529721553,0.275591743515868,0.20716792514560378,-0.30411829966501974,0.2093270347412932,-0.007261020296766895,0.0014854022609614769,0.003395146937130677,0.0014972030505143688,368642.9158
1,10,9.694090722449763,0.6246825159581785,-0.42961399062689987,0.20498581413820957,-0.08520445182443719,0.20144456893388357,-0.007990629474725341,0.0016685435174312482,-0.004568683683009571,0.0016105575605737815,378156.6535
1,11,9.698789112933826,0.6493633365586104,0.4756293434207635,0.21587758728220172,-0.3003664677213517,0.2177188389219939,0.001901625937030865,0.0016133474696538562,0.005764810269726705,0.0016000951432404407,373409.79240000003
1,12,9.698630168508576,0.6733550840094618,0.43659849703017606,0.2181209518695468,0.15782748530986998,0.21404924107489262,-0.0035687541980516154,0.0016645920267996826,-0.0004994618882255885,0.0015225132655411378,371491.6325
1,13,9.695472386424594,0.6977565966596155,0.2371982606174365,0.2231349426626624,0.14065966701135774,0.21274767820313378,0.007604134719646264,0.001620973596677845,0.0007556324222755075,0.0015278093061724105,372965.54860000004
1,14,9.68993130101844,0.7219971300651848,0.45173990027381755,0.22372690451111202,0.17349418575003722,0.22014698850487469,0.000794091674669632,0.0015215192517346475,0.014545998780855022,0.0018024690260083195,359861.4774
1,15,9.686359204121418,0.7467983273236563,0.08873422866660019,0.21752621215428397,0.09338516504877732,0.2167055303682931,-0.006070195641379287,0.0016229407931994933,-0.00037379331281036483,0.0015576514593656913,369308.4185000001
1,16,9.69373207982354,0.7724948349356274,-0.10849187366761318,0.2274039765947599,-0.4113537878661204,0.23316873740537963,0.005040691009371544,0.0015063956111898715,-0.002908435957234475,0.0016626119870307874,363242.21
1,17,9.696641180064459,0.8003271749391997,-0.4719512965422763,0.22014443770603476,0.5288700190840396,0.2149283745395082,0.0015880155046396277,0.0015489200049679077,0.0017356971515138297,0.0014888256089749077,355830.3794
1,18,9.69790662300421,0.8318273595640845,-0.06164718318844789,0.22262533319565694,0.4544870120768723,0.21961420085899874,-0.0034709514373099776,0.0014931326559501268,-0.0015512607278265727,0.0014351244253599435,350613.86290000007
1,19,9.687137609580192,0.8699193709109592,0.16830608287357507,0.21268291221448873,-0.24055700622984913,0.20844843139177713,-0.0033205395012272875,0.0014054722298507138,-0.001958565460135291,0.0014485330588579954,298896.0699
2,0,11.068576946881457,0.24319804338074588,-0.01251467199368004,0.1491906643942838,0.036127808250562644,0.1551497966398827,0.008583028585878377,0.0011795326977059918,0.000475403170481781,0.0011656494534776896,391456.77680000005
2,1,11.0631908921681,0.32244065014765977,0.09019021987125858,0.15498159203711678,0.24842097870050073,0.16784851972236617,0.003585238796699295,0.001307386015547597,-0.002872226576312993,0.0012796044004945075,398116.3772
2,2,11.056664936651794,0.3695702389674865,0.17314085855208658,0.16391776261662067,-0.36622389108907727,0.1712246285063461,0.0019307109722045837,0.001240150132591811,0.0020264047301620136,0.0012665794464831919,407579.5405
2,3,11.06032009281361,0.4078688842048901,-0.12662961190086638,0.17876244936011404,0.0673941899597378,0.172141033697046,0.0035287576062618467,0.0013044371009308115,0.0010156370455633092,0.0013016525012014535,401528.87080000003
2,4,11.057712733615277,0.4415710108108105,0.042873858196777276,0.17733400012324832,-0.06987733715985216,0.17962337686857022,0.004194628569042017,0.0013540944811073136,0.0026036847087251777,0.0013664441123792397,400012.45989999996
2,5,11.059410751952635,0.47234915299049895,0.04945733683996619,0.18481641708238725,0.05436944214689968,0.17844351906280234,-0.0032385917532524316,0.0014337908585954102,0.001475748751500336,0.0014726488854999644,394217.56259999995
2,6,11.05180056172377,0.501602267454372,0.3578147882230316,0.18490359606664053,0.3711882669338253,0.19645558210148573,-0.0023858945964768787,0.0013537053853435164,0.0028981053995129655,0.0015144318996699005,397363.9218
2,7,11.054116054568466,0.5295852048725797,-0.26843307797337373,0.18861641127197784,-0.252000510825403,0.19094912813785056,-0.004793336732375815,0.0014270455282815713,0.003727092005769693,0.001451638846579227,392124.417
2,8,11.056029887797397,0.5567788772130746,-0.04554331767576581,0.196916043123743,-0.21447803939054097,0.20416111094390316,0.002350083487881263,0.0014515001468786127,0.005396871465191961,0.0015050973056927768,396985.37309999997
2,9,11.050448929832,0.5831712897669556,-0.2960350709571153,0.19925018255015317,-0.3991986931786747,0.20780824512935747,0.005741422333270563,0.0015550723040085946,-5.2550294887320187e-05,0.0016195887899981842,389106.1265000001
2,10,11.050380891663488,0.6088101253630274,-0.021576111578452434,0.20939046021649133,-0.23860482358559285,0.21321881817699762,-0.0019340355211673143,0.0016620509467118244,0.0101478382980154,0.0015811395522464888,383235.01139999996
2,11,11.05425596377829,0.6345408418489519,0.07689385030681818,0.21986571062384602,-0.18228599155503855,0.21576551021451482,-0.005722544387383808,0.001537958847177695,0.0056404502163875415,0.001558452874460536,384945.46790000005
2,12,11.04080447870881,0.6600047175510084,0.3458896790361964,0.21536199072127643,0.2777824177736673,0.21357173517853328,-0.008660972213388742,0.0016514367835876065,-0.00521369341859721,0.001771964872737777,374542.3225
2,13,11.05110175166815,0.6855834814933033,0.20225260787465693,0.22944240295389637,0.06158470503951923,0.22599803414751338,-0.0017499060219893676,0.0016046391033195417,-0.0010005176421034607,0.0016738091212275255,381892.26680000004
2,14,11.048071939636447,0.7114765640462675,-0.20568498842260677,0.2318779752940304,0.19372392615709957,0.23347814358226843,-0.0016136700853899757,0.0015660452389552844,-0.0006327424661263949,0.0015878135855699972,377032.7505
2,15,11.038606272054507,0.7380116913253937,-0.09449872557608291,0.24013286191663843,-0.6676273060395987,0.24267433611455944,0.0015070070954536947,0.0015891915547788414,0.001073592117372474,0.0016263740941169207,374832.96699999995
2,16,11.04322281048401,0.7655634211364503,0.2518768936815443,0.21834318465446229,-0.06269493954161118,0.23037384366259875,-0.0004800321778644633,0.0016965587569209367,0.0023051379595596007,0.0016495995955769156,377800.35160000005
2,17,11.039706903306017,0.7950772776379043,-0.1561003697495211,0.22641505736012013,0.7842700929801555,0.23863153117721111,0.004821649810088853,0.001590688989021744,-0.001428801008459578,0.0016596513880011757,362744.56239999994
2,18,11.041968919722493,0.8282361589500927,-0.1918702894223016,0.2235943139110441,-0.22077245304927065,0.22680932055857764,0.006367229589961107,0.0016643637978693972,0.004240259474922725,0.0015809230751262266,359910.58949999994
2,19,11.051403642635059,0.8684705884764923,-0.5209204285683476,0.2240024920985001,-0.20422359145442703,0.21922412700969185,-0.004386715470857174,0.0016055875799108029,0.002528657260348362,0.0017512690904038565,313957.501
3,0,12.276652274055627,0.23751009228935605,-0.22609389105253652,0.14632855620808324,-0.13060876806217064,0.15352782807293103,-0.006438133200740988,0.0011902853375687374,-0.00029938546808040543,0.0011735477279911763,407149.2645
3,1,12.270091882870252,0.31622803634396646,-0.11037723813094429,0.1613812397620322,0.029222308144599425,0.15361236793154903,0.0017156751347648794,0.001353352381368317,-0.0028052495908139907,0.0012587437914160214,400402.1522
3,2,12.279461343155546,0.3616505194796676,-0.39365680354136307,0.1695216797936074,-0.04383152354486219,0.16105214248578434,0.0027599543206869017,0.0012761826096260333,0.006844438592580261,0.0013189751016883804,399509.9036
3,3,12.278301541389537,0.39793944378024737,0.022223192380971302,0.17732344220038612,0.1514530847984039,0.1799155501116088,0.00023388412933343105,0.0014081775931841548,-0.0008782248792707948,0.0013249702152824923,398537.2913
3,4,12.275753261411673,0.4301770270091886,0.04212528234727591,0.1865520952106857,0.11873534595787233,0.1826006829474597,-0.002589033402508698,0.0014087419833202289,0.00198840959626027,0.001319539913355276,402500.629
3,5,12.279486974293988,0.4597848470663325,-0.2054530258114603,0.19324022248088463,0.29145792995473724,0.19017909572664468,0.004664886143960454,0.001468705856606186,0.004044906738322302,0.0013681106942030454,394068.4056
3,6,12.268864137632457,0.4879101129463057,0.07998133801593833,0.18956906491327674,0.05490767346373067,0.1889273376033554,0.0003227544281118272,0.0014720308171660003,-0.0035129964998678286,0.001426895952573434,382439.64269999997
3,7,12.267312456528728,0.5146641275463191,0.176964571486996,0.19946936253103245,0.2797870864251075,0.19843653709241932,-0.0027549139673170193,0.0014093552823729101,-0.002426757368006855,0.0014545087155973895,397149.7981
3,8,12.27412134414228,0.5411334370487515,0.10146492033271623,0.19983726473226196,-0.24505265138748245,0.2038133582690711,0.00319687899603084,0.001536518907684681,0.004461830991541533,0.0015217393992995878,381944.18559999997
3,9,12.273696675379059,0.5674282585938343,-0.45865006441133493,0.21144747199147002,-0.053730296593762245,0.20279098595279388,-0.0024295167487018558,0.0014868950258875163,0.002041367219610131,0.001452958467300291,383943.78880000004
3,10,12.264540042700327,0.5935920147228646,-0.09967015875420074,0.2196796180553317,0.459610914927475,0.21565533322456856,0.0026688180130368527,0.0016159963400412007,0.007691419363258587,0.0017409625338844408,381953.9523
3,11,12.262087372041139,0.6199520367612372,-0.26482607778995787,0.2155138084119467,0.6422672688750514,0.2178581804577887,-0.002555679268800688,0.0016579462720705007,0.000759786488539775,0.0016721205121838403,380546.18120000005
3,12,12.261027862007841,0.6464790179362475,-0.07071940475869809,0.2234632938661709,0.38137795168434224,0.2195868306619889,0.004609133993305139,0.0017028599928781793,0.003835936695463339,0.0016416649473901762,378020.9007
3,13,12.262611577042884,0.6734543204754527,-0.24848570650123486,0.24175983771889015,-0.22145547447123257,0.23948721558632385,-0.0006953276012379623,0.001708489771230482,-0.005071268391777972,0.0016612777507836916,384313.34880000004
3,14,12.260585610909041,0.7005712270169306,-0.19925555584505394,0.24465673717178307,0.2655363048443051,0.23375363027633805,0.0003616089393408945,0.0016183455502846089,0.002650515908957098,0.0016879742370884854,376026.9329
3,15,12.26419606840345,0.7287221919471312,-0.3517647864740072,0.23517371356664712,-0.017827200453141585,0.2330756062918069,-0.001050817439715194,0.0017822150387753822,-0.00332933926809424,0.0016631872874418785,373854.87059999997
3,16,12.26524164435173,0.7581100092334471,-0.026889539930682896,0.25035769740379216,-0.5390704858147655,0.24783021260915294,0.00502928980485975,0.0017320045708172143,0.004469060274377355,0.002155475911188243,366554.593
3,17,12.257672747656562,0.7895716036752569,0.13249805363482303,0.23988511372599347,-0.9082294159184018,0.24078365949672553,-0.0018335140262890652,0.0017959736928552434,-0.010719753369725695,0.0018849759733797248,363108.58999999997
3,18,12.265973336920597,0.824458244385917,0.3071674240416548,0.2465777743577911,0.016723799247727586,0.23552050690613316,-0.0011637279511348124,0.0016763622936402714,-0.004826335223828842,0.0016016070937034303,360426.2004
3,19,12.269890672901852,0.8670323611997063,-0.45114199723964526,0.24941958314486443,-0.9136141801645208,0.24839074703219524,0.0002922646297765791,0.0018425518312790248,0.009054967513904617,0.001730426790534783,313224.68610000005
4,0,13.465379748110033,0.23344172621981477,0.05974489034433535,0.14553681587220166,0.2591058289082021,0.14730917032648064,0.0006395155873620339,0.0011302459485356474,-0.004157672643848919,0.0011257394308832858,413288.35839999997
4,1,13.457911815878651,0.30970588903591706,0.09600086397895136,0.15735280844136623,-0.17881193886487437,0.1546350525074168,-0.004223206032888351,0.0011956384867652004,0.004002319823874795,0.0012218847249466714,422693.67579999997
4,2,13.467010794313508,0.3544633683766025,-0.13514262833163249,0.16781834354715966,0.04979847127574235,0.17143155413365405,0.002204985372328499,0.0012501988804218872,-0.002533007169940907,0.0012204155811339449,429814.73500000004
4,3,13.457835148516605,0.3902690981176618,-0.10118241254647378,0.1759430277107827,0.24290427462289016,0.17771419108791592,0.007463230487069548,0.0013681994537468997,0.0011908333171638202,0.0013464531489515029,401151.12730000005
4,4,13.458215551777615,0.42162666225843043,-0.014633116046392747,0.17757109871389803,-0.19229108308719647,0.17927200251996783,0.0007415207597585724,0.0013693339516660963,0.001640595270540702,0.0013230515009586912,411454.0561
4,5,13.452437707017262,0.45051458784283804,0.2164390945573055,0.17673898948172975,0.2610370833662694,0.17526915429367212,0.0004171685410588323,0.001384069810689203,-0.010531896994802295,0.0014740219773854628,406993.29819999996
4,6,13.457786715214095,0.47746634273203287,0.4563445668667695,0.18147900839756037,-0.07855128603375659,0.178506165031659,-0.0031561247186453725,0.0014950844520890602,-0.00409050574231337,0.0013713947925803032,413526.00480000005
4,7,13.441221574010353,0.5035648174270962,-0.018363884053310256,0.1917621334033748,0.03221395337477409,0.1967964195040782,0.0018538456046191727,0.0014069678129397278,-0.00410170368918045,0.0013868503848736438,408701.5226
4,8,13.455245202386703,0.5294780416286473,-0.13128076553380144,0.20376724779779007,-0.023454768384960665,0.20593734670013455,0.0028154359795676503,0.001447949181836689,0.0010063383342982072,0.001436265447515146,396635.48470000003
4,9,13.454255362753157,0.5552591588376826,-0.14983562330080574,0.19958372416784226,0.013917374103853597,0.20380951364015149,-0.004208492283630245,0.001480401012800497,-0.0004886704695345704,0.0014635480516021469,395188.1641
4,10,13.45215085375412,0.5813948576684224,0.04197690701340299,0.20890034784393302,0.30784608546319625,0.21706453067005752,0.0038945201544973457,0.0015025458372443555,0.003688258222800455,0.001652467364602164,400702.1897
4,11,13.450957396292148,0.607969860620888,0.5485962129277913,0.21570000552595514,-0.12250412909872854,0.20646498528400659,-0.0014997001303071243,0.0015687060377928778,-0.013819763658774917,0.0017784786176220369,399698.19200000004
4,12,13.447702026221256,0.6349561886787961,-0.2815978355836238,0.22341163699166222,0.1227575529121787,0.2314558961250338,0.006719259737069458,0.0017044750186210875,0.006575865605038156,0.0016648045669456497,393244.0193
4,13,13.449349429921627,0.6626355659368948,0.20155128386322904,0.24389574748290394,-0.023065676186918037,0.23281062012512935,0.007671638799633151,0.001719797602509201,0.0012302647775392157,0.0016864515088307905,385499.08969999995
4,14,13.446318671493419,0.6907578303885609,0.09612401038191942,0.23030035423038978,-0.6328439424819833,0.24033424749182772,0.0006044071997671224,0.0017252482458951007,0.00456504914574769,0.001674895248408368,394210.74929999997
4,15,13.448733387359,0.7201266495780305,0.09544801940495581,0.23281377404953668,0.5121950639854903,0.24087411084426924,0.0037788926510154224,0.0016535080091837303,-0.0014144807783106096,0.0016689752324065112,381540.59920000006
4,16,13.440838904891292,0.7508464118288882,0.47741978055196793,0.24689533066766817,0.22502186271504201,0.24069795818671402,-0.002357446643229032,0.001660538674656015,0.0022952874864496306,0.001944824657214939,385548.3838
4,17,13.446816196879375,0.7840699065798821,0.313470412375956,0.23860564610937912,-0.11130719389365569,0.24708092714199315,0.004864261038759338,0.0017748629930384636,-0.0021901622918728625,0.0017770163417402444,371981.21810000006
4,18,13.448072960672594,0.8218094437647335,-0.14584301281211112,0.24475451360721592,0.28000439880919137,0.24391672103686782,0.0021882529520291416,0.001601762008906385,0.00332672995661435,0.0017311130941701659,374524.9657
4,19,13.444461829968498,0.8663546066151423,-0.08434120618665741,0.23842094067531164,0.0385101162229799,0.239205066852046,0.0014036775331153582,0.0019276514898283487,0.0064849838874351945,0.0018287659251107853,324424.5541
5,0,14.67562949157624,0.22758171606074576,0.15991088459589886,0.14465335356128664,0.02585290717097929,0.1448686901933601,0.0018646777165051873,0.0011029557957385765,0.003798986905028255,0.0011292048556038408,421642.1387
5,1,14.670607730289431,0.3037034300307752,0.09670444523160023,0.15143293674928954,-0.32216650617333004,0.1543055526895019,-0.0008073752883116981,0.0011641362949296593,-0.0018199924025365424,0.00121093193608574,424559.1926
5,2,14.656866408652249,0.3477864058704515,-0.022212780457762753,0.1612652260459873,-0.21503120669701034,0.16276031293306245,0.0015302920535010518,0.0013118199155385867,-0.005278235414065438,0.001314934895313708,413051.3093
5,3,14.662380245331216,0.3828357798970279,0.1926991147035775,0.16938596428239908,0.023534825687573178,0.170735821629105,-0.004899879349363491,0.0013136721343248315,0.0005063321695293721,0.0012781666156996248,410868.9206
5,4,14.660115963759491,0.4136383356383909,0.11005008551838197,0.17669344949750623,0.0007081267859603655,0.17720903105746585,-0.003268447765043563,0.0013737117599322962,0.0009429752333687615,0.0013387668917125297,418623.5011
5,5,14.668966871240773,0.4418037389870936,-0.020471354497023073,0.17508377846423184,-0.023286490827439478,0.176895586590598,-0.002369109921099605,0.001358596418476677,9.924880322670078e-05,0.0012953833354753354,414357.95119999995
5,6,14.663120293696894,0.4682709484677789,-0.19615253620005826,0.19173255324247362,-0.22264661871832328,0.18789146985038763,-0.0016236139645213847,0.0013896970771165103,-0.006022303321730953,0.0014403686139914736,403869.38680000004
5,7,14.664862509759912,0.49394737495759444,0.13688423965268243,0.19390170681292257,-0.3155509845323776,0.19553472967842653,-0.00791106383589027,0.0014091001280918743,-0.0023305208896101798,0.0014685963181215807,409644.24429999996
5,8,14.662933896996813,0.5193095870478762,-0.13678253203178414,0.19269396044422674,-0.11612745525255429,0.19747315673377622,0.0002506551949269745,0.0013815564846121691,0.005657370591227529,0.0014529056053244553,410727.0062
5,9,14.64621304349204,0.5448712394625693,-0.23234745161831938,0.19916236353591232,0.12984392637320896,0.19541747083210664,0.0038652810947646197,0.0014579998314588134,0.004654414948751877,0.0014751029066307575,404224.87340000004
5,10,14.660055725628583,0.5703275798744535,-0.3831103192997598,0.20505742984132916,-0.11268204216609803,0.21232499094049642,0.0022095855059017745,0.0015586521156993021,0.005306094534381613,0.0014936471946962661,395597.0271
5,11,14.665043617335126,0.5966808951612103,-0.40501517381290797,0.20017593999754796,-0.29630876640509124,0.21443633980521207,0.0019758754121589756,0.0014988373252477125,-0.000265551942387833,0.0015848649589606473,395956.9389
5,12,14.650157749332315,0.6240214095881417,-0.0014578320395542727,0.21419753056126314,-0.3903292364159008,0.21131260722221207,0.005821399783455739,0.0017713473626097486,0.0009728532768442167,0.001774788937685594,391414.9879
5,13,14.65206960335284,0.6521878259674252,-0.20225712070977642,0.23657825695258933,0.3188638015022139,0.23180911632421983,0.0005782110137467989,0.0016128441747189028,-0.004223590134369551,0.0017697929628592488,395756.9352
5,14,14.654352067470953,0.6813248602666964,0.06199924471377136,0.23815535563224338,0.17560151814177713,0.24203722503443578,0.0009355831805173175,0.0017151079368880435,0.002253535843584142,0.0016401426554351064,390905.1246
5,15,14.64856087231829,0.7119985962053373,0.3735443625399643,0.23331737604836908,0.060761421773257746,0.24598336274279867,-0.0029304676361557305,0.0018067789705440594,0.0043552098027300114,0.0018768923279118043,394570.91209999996
5,16,14.650280070847003,0.744575561411054,0.2803191050288207,0.2440037111730958,0.5360737294882093,0.24762265321972995,0.0012532599702582547,0.0019677043198693084,0.0062860701963470805,0.0019072155640154477,381387.0174
5,17,14.662686870571445,0.779288298843773,0.15257892945751036,0.2509616061774297,0.02078296526392586,0.24615320780996613,0.013005207862421127,0.0020134739514249453,-0.00206297378001175,0.0019768792618091134,376678.176
5,18,14.651110576250518,0.8188552931644298,-0.16890737372937412,0.23070465581798139,0.19607727225409877,0.2388246226930068,0.006512411035090607,0.001921058118061195,0.009803676658856331,0.0019973753307434604,369252.1858
5,19,14.656531747806506,0.8656327184599568,-0.13544092972000077,0.25977501003007475,-0.4777925046290068,0.2644407968381653,-0.0007235883519091635,0.0017426116777701413,0.009663171564540107,0.0022148001668605725,329380.99199999997
6,0,15.901875602748241,0.2199516752345595,-0.023698226037416847,0.1367246923765711,-0.059370522620213584,0.12813343377117323,0.002951042613069664,0.0010916078014681977,0.0003726574570464771,0.0010582784537943202,412726.8382
6,1,15.884399642097616,0.29593854227129973,-0.07494705672974915,0.15262879877032146,0.35354593213570873,0.1503164652409714,0.0010525287820955607,0.0011832110155525623,-0.0024487304180856075,0.0011642126436029363,408702.7272
6,2,15.885246195443337,0.33963930806109344,-0.04781360693333599,0.15713731234050507,-0.08078022825381422,0.1552522788380992,-0.002281238751281814,0.0012688436419091799,-0.0030222997256271525,0.001319221928541348,402369.12250000006
6,3,15.885755311258235,0.3747412962753736,0.03808837642638826,0.17378034080526034,-0.11685920575618317,0.16976717298412095,0.0010307355768599787,0.0013063170176216164,0.0007465530800183377,0.0012499898686509224,412583.4318
6,4,15.886687701188016,0.4050177404178855,-0.23912536456829225,0.16403867536508263,0.10624352649765556,0.1753264423088591,-0.002001287166565025,0.0012805817437979673,0.0048865722194108155,0.0013543906943271648,406425.77629999997
6,5,15.874330913812898,0.4331769724819841,0.0797737386242528,0.1725718133439678,-0.17804958247102623,0.17927591337115034,0.0006726111672074654,0.0013364029787243958,-0.00393337147018382,0.0013593670805267508,411814.8862
6,6,15.88367438078556,0.45957747385012915,0.17970379553872204,0.17951518668421024,0.10574666658638825,0.1847688532301424,-0.005468802247799532,0.0014233059347653354,0.002660136118186713,0.0015505169491971224,400028.7969
6,7,15.87227923130734,0.48490912616413306,-0.14749737789215392,0.1836027786622551,0.33934268641009835,0.1862210371155147,0.00732751662655563,0.001444945373410205,-0.008534149118366445,0.001553967375311609,407532.6699
6,8,15.880832042861268,0.5096594803389953,0.1448327266956151,0.1892510549272967,-0.03776982790240643,0.19171357526166788,-0.002142710984196643,0.0014858472429555235,-0.0018977366201379045,0.0014795750774540084,400945.39660000004
6,9,15.876710254008358,0.5349634028039877,-0.08018781902493913,0.19071083299408548,-0.1565556323401022,0.19017316861046335,-0.0005792972261747507,0.0014320366415224832,-0.0023184223025568456,0.0014075944902556918,410181.31960000005
6,10,15.884263865906455,0.5600643225351724,-0.14497537856256362,0.212066316754253,-0.44596821059893976,0.200131620125969,0.0005971016872776428,0.0015278997746893165,0.006080714063207009,0.001592949871314615,392495.4883
6,11,15.879399089196003,0.5860960335931749,-0.521177884731876,0.20070570014487396,0.17729935817523612,0.19525913847043053,-0.0029028822844191543,0.0015789428988484443,0.0023938340120370333,0.001579203632222116,393609.5148
6,12,15.886067553033975,0.6131625683609787,-0.02946253067259226,0.20798306249671586,-0.11789671746901147,0.21832428007100668,-0.0026231229055065437,0.001513150139807058,-0.005308179457132741,0.001607696949704908,394115.59530000004
6,13,15.877639333067277,0.6414937541535064,0.589607813925564,0.2296068969139838,0.13568322781742692,0.2293789630048032,-0.0021029352995477098,0.0016442823124910957,-0.0018336451556007784,0.0016804367834488277,396841.0287
6,14,15.867356535680264,0.671321827320643,-0.2551722045174973,0.2333652519836551,-0.0030243270775185526,0.22974688686309983,0.0034715536169851024,0.0018875195090935447,0.0020591547859346955,0.0016623857921121304,385686.9175
6,15,15.880937989709302,0.7034245465810619,0.500185376546586,0.2382819436029869,0.0456118863031971,0.23194653676234514,-0.004590607499832137,0.0017910842822366137,0.00476572800184334,0.0016642190856291257,382197.9148
6,16,15.879100859898424,0.7374541682656456,-0.006291068271844556,0.25132440527463196,0.06800292673128663,0.2395821871751792,-0.004429264722895762,0.0017827947256016678,-0.0066653348777011194,0.0019698395138512416,389603.8308
6,17,15.8708808460961,0.7743628592961247,-0.12782495158390159,0.23629569018879873,0.6091801429678777,0.2510214523562738,-0.00014701190194194754,0.0021731875554374534,-0.009802725594471987,0.002081084188698661,374533.6438
6,18,15.873703669293388,0.8159123760208351,0.43871790524774223,0.24388719505181883,-0.13898965415364184,0.23276698182786248,0.013327016896995678,0.0021964264556275375,0.007687968149884872,0.0018326035407220957,359188.1841
6,19,15.874724950026723,0.8646004089946517,-0.03567050037777998,0.23885272965941537,0.1238573406468906,0.2421404330822829,0.0020840468565651166,0.0018461014272228456,-0.006795571879969004,0.001841101202985954,333390.0433
7,0,17.161185760189046,0.2103995268831329,-0.009849463852347258,0.12628220454675318,-0.06359940509194821,0.13124326503739633,0.003501957944412661,0.0010375606048812626,-1.1901293122294297e-05,0.001032792371883481,423829.812
7,1,17.157151774247954,0.2877297982081534,0.12742090864083996,0.1380710895678958,0.18221906668614107,0.14285248075832763,-0.0010730210750352377,0.0011407487332805507,-0.0007265478917491544,0.0012003106399600574,426355.1859
7,2,17.1517841683576,0.331977593130137,-0.09840157970328577,0.143856231464483,0.027738240772401588,0.15475522465260416,-0.0012723115726581194,0.0012825243358099321,0.002437204849415923,0.001188148855371787,427352.96630000003
7,3,17.16371494551741,0.36723931864179876,-0.0058235357841676895,0.16761026393874878,0.19729498420655747,0.15996384159576715,0.00013457655828130491,0.0012369892846611538,0.002257311957426447,0.0012191023466654113,423034.58869999996
7,4,17.151194507121417,0.3975470644808896,-0.21337381150623114,0.16350066050211554,-0.067096036945465,0.1660241117094537,0.0048412910791448965,0.0012767364757002818,-0.004578556010403433,0.0013197427195268644,417986.7596
7,5,17.169079814627345,0.42552038011183435,-0.06815737260161182,0.17346947757704423,-0.14692395852632728,0.16728458411811364,-1.6448723576385372e-05,0.0012803662159309153,0.004069875229895237,0.0013126879215045397,408473.6393
7,6,17.147304098238596,0.4521576854707061,0.10208360935413714,0.17572609069754913,-0.09057054177058266,0.17870959585441965,0.0012884633381893996,0.0013945492792605525,0.0004617356844519422,0.0013056266317066302,411813.1413
7,7,17.14941439497562,0.47719837438742724,0.43790706948744235,0.18320240132946772,-0.10801970953896697,0.18776945843153492,-0.002074529613218408,0.0013578113935792191,4.430426318735879e-05,0.0014592467547221743,408159.0783
7,8,17.147189096286635,0.5019849542191634,-0.12929408175014787,0.20161964026686088,-0.04618974734045886,0.19121473268357542,-0.002357154630763813,0.0014940261443547609,-0.0003481876290279719,0.0014391534727619068,400771.79329999996
7,9,17.139579827414234,0.5268463099788921,0.3080852099757341,0.18882292794597078,-0.47293359487605197,0.18622644687152576,-0.002253909855355965,0.001427806226400355,-0.003960321914058268,0.0015084133971851792,419837.1978
7,10,17.146140884125906,0.5524252070142563,-0.10158958781707277,0.19685294764317385,0.1657105676730127,0.19465958947646522,-0.0004066757954044237,0.0015351732245674685,0.006089826748969137,0.001467375114968583,397937.21570000006
7,11,17.151242602910862,0.5778478992940744,-0.3482310886755669,0.2015936257275379,-0.13497883711701908,0.21383323661985218,-0.006989323721786914,0.0016529030096774878,-0.00021512884163106655,0.0015561792772597715,388972.07690000004
7,12,17.1491106556728,0.6052356549618015,0.14374313804325078,0.2030841839423231,-0.25638448982707046,0.20317639336293478,0.0038220873651937494,0.0015994257676087906,-0.0005585958826366508,0.001656790380885685,393455.9937
7,13,17.151653139197,0.6337939806860807,-0.0921434530203195,0.2188128522874636,0.005658062186114769,0.217883617858622,-0.005779143937627857,0.0016103322750532136,-0.0002867825992276285,0.0016507771406587305,383948.68330000003
7,14,17.14870659232846,0.6640990198418726,0.24945930140093656,0.22681610681438796,0.17320937486629842,0.22843282003866544,0.009719154955587728,0.0019227352650700517,-0.0016166515327511826,0.0016946296330946455,390342.0098
7,15,17.146078270202956,0.696349224704935,-0.12224590920035164,0.23593318457989076,0.3918785575327956,0.23354434877766306,0.011366188591664479,0.0017555476718899613,0.001635806699344155,0.0016655363550866311,382962.20359999995
7,16,17.148906822603017,0.7311018483287776,0.3276469974605945,0.245313780087398,0.4708926199357283,0.24092399798266884,0.003283679029877855,0.0017295095630899316,0.0002020611834682361,0.0017586782872768942,378628.67649999994
7,17,17.139791773092423,0.7695662260487947,-0.5355199091739883,0.24646923800750403,0.09338789995152269,0.23253465700487533,0.00027783749871261267,0.001832592281518105,0.008863545231448165,0.0018598388773356273,368679.1534
7,18,17.140976616519453,0.8128229996812366,0.13508850459088625,0.24235578780988093,0.008721925106283935,0.2528096360717439,0.004482645781799746,0.0017369121933607156,-0.00011228742504019539,0.0018380824438821919,359574.60579999996
7,19,17.142044926019032,0.8636289521828505,0.5479645986847388,0.24574138980420018,0.18090079887797184,0.24987208030386635,0.0011673496212623266,0.001965904657897932,0.0050975228396804885,0.0018552163577360086,323583.6763
8,0,18.51818438103341,0.2008099032692613,-0.21416039811381132,0.11694215821237282,-0.1574669448765208,0.12404947396258666,-0.0012867431029953244,0.0009652155130717255,0.003116597438815242,0.0010047424693747735,437754.1806
8,1,18.523097134986227,0.27709979503695575,-0.20958623088935807,0.14041510808901517,0.038374862500013734,0.14547315869296776,0.002497231263822171,0.0011066163166433116,0.00026203779547640893,0.0011221590440316654,422146.60640000005
8,2,18.509282048398507,0.3217495730346704,-0.10858949260285314,0.15129599367673008,0.27488191407481655,0.15231865507844505,0.002846961530857929,0.0011611744736287168,-0.003882567119635759,0.0011821386314643414,427213.01180000004
8,3,18.50042684513393,0.3573358108991397,-0.021031014863730612,0.15574195625152978,-0.2552652255819304,0.15686452108598853,-0.0009111313304877929,0.001181021656020475,0.0005090033283045517,0.0012162109191484615,425401.3003
8,4,18.49615304924666,0.3882178441028515,-0.1935646440975755,0.15461894965359355,0.4862707022562061,0.16105467246544555,0.004465659871307603,0.0012764342694487174,-0.003436695938900248,0.0012737677550083031,441642.6874
8,5,18.505958004344578,0.41662357274254613,0.11711476934770293,0.17110036690927152,0.02914298379193408,0.1610886359583736,0.004583279961744775,0.0013917739404749692,-0.0018587878478775399,0.0012677774470251564,433807.6788
8,6,18.499929015803428,0.4423375034241884,-0.030299659361893227,0.17485993257953578,-0.12820539248591148,0.16922948067423532,-0.0045365167028170355,0.0012872902002085257,-0.0028489301448636623,0.0013282985896972573,427336.86460000003
8,7,18.491111584248205,0.4676389877335201,0.16357947906789294,0.17662101328618415,0.1528361565892098,0.1766175357547693,-0.0028028828886225623,0.0013729920776149884,-7.052856740341704e-06,0.0013256131174367838,417698.2903
8,8,18.50179105028925,0.4928119980151237,-0.10255929190175904,0.17997706125678883,-0.10068346668297301,0.18290616733980938,-0.003573005505941555,0.0013492739041789474,-0.004127579895646686,0.0013897184884999545,428190.8574
8,9,18.506048697108174,0.5175317500024595,0.013275201883285872,0.18389175407544803,-0.35914292318311514,0.18590862720051018,0.0020987573806769497,0.001522881750885549,0.005455752253525414,0.0014381169527043001,406992.18789999996
8,10,18.497620650665908,0.5425248849828908,0.0904434042017481,0.18363954877079747,-0.019268244526224904,0.18774252973241187,-0.005093256929025361,0.0014324159936471297,0.0003218144477739096,0.0014164462310068892,424305.8098
8,11,18.501538496706402,0.568658512050796,0.5051835793824959,0.20912997948712372,-0.2651773327520348,0.20123018729850994,-0.002618912353488539,0.0014919014047106187,0.0007672327077484888,0.0014705125321951582,407390.3021
8,12,18.492460780389752,0.5959757273699527,0.05101269141736765,0.20550503144284243,-0.21191120906196104,0.1988021594448716,0.007860849886789506,0.00160670317789272,0.0011361282075023332,0.0014564368421622986,407066.1182
8,13,18.505754610318355,0.6244721022088568,-0.634822005875059,0.21539203400421536,0.1061208039215489,0.2096744418295719,-0.0012195009527972533,0.0016437794091605214,-0.005166315493006201,0.0015288978067796008,402586.2112
8,14,18.494346505067643,0.6547540016332798,0.1452767702707167,0.21725607313519335,0.13421425092252137,0.22882035566333725,-0.005227340462583623,0.0017773987874765333,0.004218099729506895,0.0016654946874411177,381598.4098
8,15,18.49814455511475,0.6874486225071359,-0.14709908580645079,0.2256062156893079,0.05479981202393473,0.22522996314459226,0.0033229349474502325,0.0016401302759643276,-0.0011557335784585256,0.0015983969574660058,391766.5805
8,16,18.494531979621947,0.7232402219343324,-0.3742420525007983,0.2406336890337623,-0.119963640802101,0.23888517322223493,-0.001441267435319128,0.0016815848634846463,0.004386108625257949,0.0017135937015555847,378698.13220000005
8,17,18.499565105978924,0.7627700157399624,0.12367005150189331,0.253398868606755,-0.6507827231830723,0.23955530982137702,-0.002535823036512048,0.0018937086159143634,0.005907679026368911,0.0019108192845306525,380891.24240000005
8,18,18.479157568475344,0.8078668768438174,-0.3021248746088495,0.24894908919109973,-0.11016562014068482,0.24775633161144592,-0.005563896600107303,0.0018103358487214951,0.003523109802719612,0.0017700023533215043,365880.5873
8,19,18.488317483814093,0.8620086556265449,-0.02530825486084993,0.25406115393432666,0.04229416362021613,0.2519371737506034,0.007995164279513363,0.0019346382953669527,-0.004494632518316316,0.0019692331646098352,337579.40859999997
9,0,19.970044493057777,0.1921346494392391,0.038714950195346175,0.1261306571764465,-0.06127147801594892,0.12867615098128068,0.005582364387271536,0.0010070593430093519,-0.0008394825498538926,0.000956479787295494,445592.34609999997
9,1,19.94218825381915,0.2682386071288711,-0.02402006096859903,0.13725683066396044,-0.31013917075733666,0.13103151199653484,-0.005079857054179139,0.0011286129525984179,0.004711028378716509,0.0011202637355057395,437110.893
9,2,19.945825936243757,0.31261358443162884,-0.23435248701376066,0.14826767271920144,0.3446222514191093,0.15416064843041205,-0.0014109856309518127,0.0011411779921847295,0.0004974589842209768,0.0012058043301117676,422741.67000000004
9,3,19.95036827052824,0.34844178185774277,-0.20112729050086858,0.15127635642306297,0.20532820936673118,0.1562333846909688,0.006324952806550416,0.0012296229957671197,0.0004614044708597142,0.0011438073605288034,433357.42819999997
9,4,19.942849275555005,0.379783223234438,-0.2702339871408789,0.15965905987380294,0.13436308113529594,0.14924771540371648,0.001058018350161041,0.001270193320909682,0.0027918795676610346,0.0013048951523487778,427349.3467
9,5,19.940808502997104,0.4080824800424251,-0.05775252303779262,0.15927908256544787,-0.1332668408160023,0.16363008686677075,-0.0008410159099038307,0.0012276610906793344,0.0033152645298065546,0.0013316277308646396,432941.1471
9,6,19.932015362015115,0.43484053564214176,-0.02162564908136449,0.1802115886883472,0.3563400030536837,0.17424797997869834,-0.00019783464213735084,0.001313786374791608,0.0033745185716304604,0.0013861071952967726,420502.6718
9,7,19.935595247949912,0.4608414840829882,-0.12108169690260193,0.16964451455611512,-0.18242217056666862,0.16949215241728172,0.002085371361530347,0.0013184874830170343,0.0034614706466919894,0.0013400194820002806,428332.0254
9,8,19.943261082214196,0.4860277096631033,-0.04110068951129539,0.1708214362756896,0.22489500874028917,0.17354075871651758,-0.004347536482581428,0.0015011259685063698,0.0053595514466035785,0.0013787586899740348,409797.60620000004
9,9,19.93700946256543,0.5109964238430456,0.18045863011552238,0.1808895971048645,-0.2857916992724107,0.18560046895849636,-0.002692362143224648,0.0013848703311025758,0.0018394166542986781,0.0015052247140729992,427074.58440000005
9,10,19.945955946878144,0.5365560813224599,-0.02243227247383849,0.18595766971010155,0.25903777007254974,0.18932333247370425,0.0031899057051420774,0.0014063412988906427,0.0009291732123213097,0.0014043593943789318,408794.6652
9,11,19.944879824180653,0.5621496145634057,0.22157592323967726,0.19619849046037244,0.2088871843051786,0.19504410595135274,0.004969699481489643,0.0014969956016502653,-0.001625748153953688,0.001471436406909983,413979.0165
9,12,19.944812429201473,0.5890313992554739,0.08453047731686975,0.19995639225495707,-0.15365292681499854,0.20163169436972142,0.0038284002320636543,0.0016112424049129345,-0.00034769783842127235,0.0014965439178243995,410719.44090000005
9,13,19.95631989864412,0.6172211419607565,0.5702072380885028,0.2202842927145059,-0.23982536931691775,0.20099809030169938,-0.0005811086309448238,0.0015652691267500265,-0.0025459071152085077,0.0015749317173684718,394782.039
9,14,19.940282064673525,0.6472658161662227,-0.10107187287721793,0.20811097660071518,-0.07316522117904488,0.20856711320618743,0.007623904295932046,0.0016786092719270514,-0.0034536962310934647,0.0016876788052443143,398393.562
9,15,19.934437171325644,0.680446638520832,0.12327983092921044,0.2210504992128967,-0.041671169967039415,0.2184228848559893,0.003961133320016029,0.0016416240874098935,-0.007181617334071723,0.0017517478127950922,385846.8987
9,16,19.918077327979546,0.7167964273001883,0.24166065686949637,0.23048246149959425,0.10253147956613684,0.23071989994555062,-0.002144656688059161,0.0016992530016230478,0.0006569996988941487,0.0017043990962612142,384628.46920000005
9,17,19.941399272254724,0.756900536926153,0.31602662682433036,0.2408328539655956,-0.016997591599343796,0.2279399901719341,-0.003493256023977786,0.0017131865087492233,0.002613094111034976,0.0018293253651501488,381646.997
9,18,19.93537947682328,0.804003254962484,-0.6125020112633767,0.2430770213209422,0.31119371617141306,0.2321942409957096,-0.005940641640699771,0.0019254997615119993,-0.0014521992461299276,0.0018703543730237068,375077.3111
9,19,19.927416893109264,0.8600268967652308,-0.39433746576552275,0.25375744284911395,-0.5096855079776672,0.2527818731261441,0.008179361476742378,0.0021891537957744334,0.0030652413522295296,0.0019748151577468373,330714.9805
10,0,21.51482629338918,0.18458932655250457,-0.14158120106573358,0.11532532509193986,-0.028140865838367442,0.12099772473993396,-0.0009035245145869969,0.0009454205310418669,0.0015724150050606296,0.0009697334406082526,450943.4565
10,1,21.50693113584567,0.2574863144924229,0.013387749052273428,0.13150195653057725,-0.11554119606098673,0.13199810193843806,0.006196784912892456,0.0010985031851194395,0.0011911589313095177,0.0010610548436281884,436766.4105
10,2,21.513369949893164,0.3028122427317189,0.28264151994039755,0.14150933416618294,-0.24360422530766776,0.1453729588753961,0.003337356235700189,0.0010925336402379728,-0.0036855265310444464,0.001080736609675557,448354.0346
10,3,21.491925650859585,0.3386464858829195,-0.028090842902716566,0.15090393640188474,0.1890182403419945,0.1580134217996058,-0.0009942198584792677,0.0011522987380344159,0.0012507750432549777,0.0011695687584172948,428516.1741
10,4,21.500964269931647,0.36968606689417,-0.20636171493549157,0.1565609723429613,-0.17900170605800222,0.15866761561612436,-0.0001381748853337679,0.0011865335801913895,0.001463100977503751,0.0012552233909433213,433370.54520000005
10,5,21.483937492898725,0.39870833824149987,0.07818518147858372,0.16298263328374957,0.31035790013810444,0.15632637688453607,0.0019645796423972805,0.0011930163095490605,0.0033190218685305844,0.001222336867603651,441817.8485
10,6,21.495111013047104,0.42639517297996726,0.3955371816933047,0.16349609838613804,0.012001090016471844,0.17686353219719633,0.0009330667819894587,0.0012907501314207567,0.0008828514585844996,0.0013392405482099254,418175.64879999997
10,7,21.489730197786493,0.4528532563504564,-0.10718046879014621,0.15929712938395216,0.2504775043483481,0.17187926842023177,0.0030482866355227294,0.00128749772973953,0.001710691464545565,0.0012686447132763607,443433.16699999996
10,8,21.49540824630911,0.4782169602646431,-0.013237699033619602,0.17535878629647886,0.17200230558305696,0.18487742378862146,0.003604814118249975,0.0013463259262157653,-0.002293393295025533,0.001331517277764003,423887.166
10,9,21.505955784923326,0.503177188198099,-0.40229991697575007,0.18207075390600447,0.14804588796887674,0.18375251360787606,-0.0047774962179779334,0.001423176325119895,-0.00033420324973566985,0.0014024122985185938,416864.82050000003
10,10,21.498836783781854,0.5283604607740291,-0.23150851700056843,0.18779290363551807,-0.23129976141426836,0.19859627498039797,0.009650202481751942,0.001492366526539149,-0.0007064682514486271,0.001403562471091336,406369.92299999995
10,11,21.497650141547716,0.5538392137824636,0.29107829000693736,0.19152216921009171,0.3132212281044186,0.19563732928067343,0.0027969186274973243,0.0013913803782074092,0.0027551754993319854,0.001400698252871135,419674.20550000004
10,12,21.490367526080913,0.5803443997619322,-0.24441229796811859,0.1911738145337626,0.014882038785042505,0.20298830943517496,0.009139808142065144,0.0015355360561638608,0.006657492841295692,0.0014888267555326713,401113.8737
10,13,21.49503524517004,0.6084109658171543,0.09701276033578735,0.19455882459714752,-0.1142371818886364,0.20872057257740806,0.003500131898444687,0.0014887368869151113,-0.0003517750450880227,0.0014998619866180463,399879.17449999996
10,14,21.49071780423854,0.6381722646011173,0.28481208246002154,0.21312195732299183,-0.5896330957401642,0.21838807364049587,0.003722257720936706,0.001579295384069579,0.005961078058937807,0.0016763295299558668,389260.5783
10,15,21.49082178286714,0.670930541375296,-0.05772854599731867,0.20814581898660128,0.34366915552028426,0.21273153416930615,0.00301863900841695,0.0016721351549917644,0.005797305560944349,0.0016389432412919813,393722.94670000003
10,16,21.482784974045774,0.7073512410362385,0.22706471713225035,0.22258172515922184,0.1015776763316375,0.2362861509643523,0.008914841257390931,0.0017601281847682924,-0.002040581892193911,0.0017134539465408713,382127.1511
10,17,21.47775191468748,0.7488255950124069,-0.20116405579719773,0.23095934167439172,0.5295799734799114,0.23095382261526828,0.009840518909139857,0.0018630210439122548,-0.003859806742900709,0.0016796201834717451,369277.758
10,18,21.482425522034628,0.7980401796440028,-0.5126378465137585,0.23662699196612916,0.12438898688291078,0.2432150460199432,-0.0019032220047692473,0.0017567252315406874,-0.0007044997323590369,0.0018997246499719552,359051.05110000004
10,19,21.482037634782216,0.8581192592643981,0.06786219087727675,0.24768134892494714,0.002106035519606222,0.25016256882978777,0.00040287206835712663,0.0019151372368663574,-0.004221275957100242,0.0020291300231138087,337085.44730000006
11,0,23.217139067621343,0.18136122386759834,-0.0015271791311741575,0.11141917110084532,0.05027346364941108,0.11734399349126853,-0.0026592572128439824,0.0009308386045756193,0.0017231170578846803,0.0009865371639070839,470805.5755
11,1,23.218972364558986,0.25024530659063055,0.15051491119916524,0.12830303238178803,-0.02541043006805618,0.13285194938545078,-0.002949458813373145,0.001016868171428081,-0.002706818146082143,0.001051781561907602,443507.1289
11,2,23.221917012909177,0.2938661950093425,-0.050202708625604865,0.13833566168736677,0.1207134033260099,0.14438495129137427,-0.0009207486211227834,0.001071650160053014,0.0016566779980966074,0.001122569445183766,440606.2056
11,3,23.212520727841788,0.3299331010129198,-0.02194030473785183,0.14962091799394636,0.149157845132292,0.14764136950396697,-0.0012116085633447128,0.001118684879226651,-2.9006767448960328e-05,0.0011290265071694629,447179.0934
11,4,23.207667508050513,0.36151950130475113,0.027055541506351085,0.16509312085641997,-0.34084110461319356,0.1772426640162151,-0.0007496181241477742,0.0012261216936185542,-0.005980428063672312,0.0012713955054293306,433432.21880000003
11,5,23.20309079108134,0.3908161037706308,-0.17066152546595262,0.16765169189336107,0.017796179496917967,0.1659554963820838,0.002856408408110459,0.001240176154077923,0.004543740310939884,0.00128612159433521,426414.1161
11,6,23.220040628010672,0.41822880547598734,0.2304993135665056,0.1690031125558948,0.028665788826222956,0.16541712064577507,-0.0019485178111916825,0.0012334502834436976,-0.00036345684658779825,0.0012266853524058312,437391.7085
11,7,23.21880068981509,0.44474824371039245,0.05738152228278586,0.17494733890140743,0.14376824421314985,0.1668137210897388,0.0008276118739158405,0.0012961984329479725,-0.0013606154627351361,0.0012346080180135925,440183.47099999996
11,8,23.20942994588064,0.4706957658818071,0.09566828806564717,0.172640255942695,0.1192646500382476,0.17578638031072832,0.0019390888904235505,0.001277193770357871,-0.0028684097400753753,0.0013296059707232188,444058.88740000007
11,9,23.211342654712226,0.49622702595937423,0.3026155456742206,0.17826986106821188,0.08933042963836234,0.17970338585193288,0.00013094470277700093,0.00136733752023207,-0.00016607502492693013,0.0013365968005218303,425386.635
11,10,23.20485006649386,0.5218045685869076,-0.6445834474777979,0.18672039046651617,-0.6494888408441387,0.18535438772078544,-0.00612723296933734,0.0014447804918707255,-0.0016379170324620097,0.0015455127448850033,421509.43859999994
11,11,23.203383928919134,0.5477414308103765,0.28330727525025556,0.18901835188121938,0.09048632948043364,0.18506993822210582,0.005242043066385964,0.0014608521527558257,0.0003167696792240023,0.0016158013847770805,410015.0373
11,12,23.20278804629234,0.5746637698397924,0.19334079408427085,0.18464217229941318,0.12620998785299667,0.18602209721365418,-0.0022588600801769425,0.0014285798748054448,0.005226652744212996,0.0014583273907193047,406575.21330000006
11,13,23.198422143266722,0.6025465734710106,0.13315067963944574,0.20331781028948495,-0.057735053857266766,0.20985754574061516,-0.005282662462618105,0.0015751244295776757,-0.0005629474721620205,0.0015521737434923421,411062.5986
11,14,23.21793487765394,0.6324519767772524,-0.027196686052729846,0.20229000148047133,-0.009161364137229563,0.20493886081274812,-0.00020675871721845845,0.0015854356814870379,-0.002206099044722403,0.0016606483408534525,402243.63200000004
11,15,23.205723866537827,0.665254393996724,0.10576372683172999,0.21239658888768811,0.07758614207568121,0.21560102998723885,0.0032159020211765606,0.0015314057019412345,-0.0038039472858933518,0.0016466212437702933,403628.7827
11,16,23.2076462914791,0.701028710825119,-0.0190714481398601,0.20691034493832644,0.2665071321763234,0.2103480095849074,0.0008923090910039902,0.0016271070316297889,0.0030300124736280616,0.0016693116199439696,397658.7622
11,17,23.19230196416684,0.7433833384972832,0.22193172981824497,0.2158010092605724,0.32836142398844426,0.2196682462279704,0.0021395339969849094,0.0017030639431307951,-0.006734089239360495,0.0017034551508486155,389967.43299999996
11,18,23.208049467365356,0.7930652885634288,-0.20763432936603582,0.22818348453271747,0.1878973783972037,0.2297083711128794,-0.00041907622086126867,0.0016504204632941575,-0.003760069438413265,0.001845703957815048,374406.4934
11,19,23.19374881792917,0.8556631150119063,0.138162502004652,0.2487778858512848,0.4388050671191651,0.24696176178998247,0.006382921704414641,0.002107130061449674,0.009937034378954709,0.0020922061710333304,340646.56889999995
12,0,25.165383592013434,0.18023168638368603,-0.2015625134825892,0.12227516972211708,-0.12276585448631466,0.11851329340919667,-0.0018522089172700587,0.0009581762214977359,0.002688080999933515,0.0009662654602168627,461037.39730000007
12,1,25.169770220255543,0.24499068804405444,0.05283544020931642,0.13255059036542988,-0.17723977639820304,0.13586054650058965,0.002926814578884983,0.0010323509265823814,0.0013622254281534746,0.0010597806931505254,427642.0806
12,2,25.161026969219566,0.2859424439234295,0.1035967613612274,0.14095418446850105,0.20275745631893125,0.1412428503581806,0.0032843058359243887,0.0010641258874463464,0.0005130182673407849,0.0010971154078938709,438340.9565
12,3,25.16858801710439,0.32022683119771245,-0.13200418133464578,0.13997462950523026,0.17326288638435158,0.1470633307092949,0.005571426789153555,0.0011190322397888646,0.0036385378691252764,0.001170249544421154,435577.9563
12,4,25.15498303863627,0.3513128837601649,0.13111205870704537,0.15048567519839895,0.024187335737465735,0.15579704551219978,-0.0009964019728645904,0.0011476054648586517,-0.0024481191077838868,0.0011602384769797017,440364.70879999996
12,5,25.13978656273,0.3806597344757172,0.04138270172343827,0.15799896721716736,-0.2066007916765375,0.15886348097254674,0.0003944508623578407,0.0011756231408015327,0.002198956880922183,0.001142439342673658,461023.3208
12,6,25.145174488846745,0.4086527369422262,-0.30264155518978764,0.16576708114316513,-0.15576102724072333,0.16232440930942435,-0.0007690496178752636,0.0012567698579250045,0.0024585314204975043,0.0012580809845881553,437188.31560000003
12,7,25.15047947390438,0.43627035069664816,0.2238087418102353,0.1640250344052649,0.03873938997874832,0.1653315450352888,-0.0011884954138676278,0.001239529214442525,-0.0035006068372907557,0.0012834682846561355,452180.03319999995
12,8,25.147485610310586,0.46299209865223423,0.1060028856596922,0.1657666683837321,-0.027524663344044846,0.1712809272905501,0.0005317992461874863,0.0012893641550973283,-0.0005547064080481144,0.001273518691973709,453319.46109999996
12,9,25.14276958299085,0.48922129222733785,0.09822522476288804,0.1813866053647238,0.08916843482701148,0.17478774536635766,0.003696178842737068,0.0012979606831307626,-0.005105465113153111,0.0012904827574674342,438325.5111
12,10,25.14965147212524,0.5155200539716418,-0.28759468110120234,0.17773096409626246,-0.34192176858839185,0.18646692447218413,-0.0015992692261245865,0.0013298857305102927,0.003069931586870716,0.0013413559557977524,442793.87440000003
12,11,25.160062246548037,0.5414840176810279,0.10459394304854355,0.17597546445998302,0.03195736151749823,0.1818046817253016,0.0039862646374455996,0.0014068844156990318,-0.0003286099132444025,0.0014066365327904823,420945.6882
12,12,25.138666948087486,0.5682028852451746,-0.5269954854681509,0.19355561978375943,-0.053185900004014394,0.18667384316362065,-0.003236934841510666,0.0015055234330453883,0.0011499869874191005,0.0015166252380636482,416597.9455
12,13,25.13010384827341,0.596176859634978,-0.3525061198233396,0.182926374343701,-0.2819743165281324,0.18839599113426608,0.0005322509622384777,0.0014808953241085634,-0.0017944931658809844,0.0014577542747279395,426154.52859999996
12,14,25.154547915185876,0.6263416993829646,-0.01860839400894015,0.19525724542404996,-0.3851417313358428,0.1955783920802298,-0.0037054144116717906,0.001584608492174116,0.0011656004758217383,0.0015021521739645989,407898.9832
12,15,25.139517836888903,0.6588984255486414,-0.013547284457043451,0.20351852592810402,0.07418752856895133,0.21705348725464169,0.0024842515863504945,0.0014860241503424152,-0.0009117120505183668,0.0015100904071227964,405357.6798
12,16,25.134846647803876,0.6955785808250281,-0.3626840243195648,0.20744925564205252,-0.35115979047652485,0.2086321167515521,0.004830984014946759,0.0016202227353586647,0.0048913100907805864,0.001564144811019573,402305.51670000004
12,17,25.137354451148372,0.7384895157667062,0.07586154079875095,0.2211904453731051,-0.12395804601295796,0.21329266410893968,0.001241033300019411,0.001629024154718677,-0.00241614920488613,0.0018355106141948827,392471.69500000007
12,18,25.14040189987849,0.788326830280107,-0.6103293974842583,0.23001730182570282,0.07211078625604223,0.2251474030858447,0.0005524079756799383,0.0019069979214865285,-0.0011943970355500874,0.0018198181889221507,365848.67990000005
12,19,25.15044109672869,0.8534147129775821,0.28051140596284074,0.24123383761266762,-0.22181935374491654,0.2522976855585828,-0.0021880170061960827,0.0018573125054367947,-0.0011293427945350638,0.002065659913105972,342765.2353
13,0,27.365808327640977,0.1776206876710371,0.17336540598178274,0.11870318325802526,-0.059745684738093094,0.11793071685834851,-0.0004033831548606995,0.0009583137399020911,-0.002210773123784849,0.0009322264121348396,471014.7893
13,1,27.38155516599731,0.24148135911213747,0.08688744832109307,0.12909437401424326,0.012430303184140984,0.1292794763248866,0.0016603109082222237,0.0010431101837320832,0.0016743886159622048,0.001104000987357858,459723.69460000005
13,2,27.357480232413693,0.2811451020082917,-0.035839429900964975,0.13456283322557894,-0.04017190358401089,0.14098694510221924,0.0005721106101499191,0.001060743114313733,0.0021990405924043666,0.0011008433184379418,442408.186
13,3,27.365361415792293,0.31382028209863577,0.1757031855421404,0.14345465361250664,0.07201857788350916,0.1413089868176563,0.002074304613229715,0.0011115304863497544,0.001954365361538282,0.0011626678334045492,449955.0752
13,4,27.37553723871803,0.3440049215216056,0.04306668853150689,0.149108478927416,-0.09940529904235583,0.14325876279308164,-0.0001438414367444631,0.0011070883276566444,0.0035094107029986932,0.0011797638453102683,451587.0159
13,5,27.375808003258264,0.37255358334500865,-0.037616959909224555,0.15629694174885406,-0.2379122756112559,0.16639137235676862,-0.0014287788653508527,0.0012021197253242672,-0.0046758563490814226,0.001317216469392244,438312.36740000005
13,6,27.367683524660478,0.4001768849846282,0.10448237087137299,0.1550961087168444,0.18402631670014072,0.15700308674119934,-0.005224098178044882,0.001238865899987177,-0.0014892629349431766,0.0012959023465959887,452499.4681
13,7,27.363525545279497,0.4274583320128952,-0.2328027921375585,0.16132312348182207,0.1178115463883272,0.16591801375101026,0.0046074392772513535,0.0012396817229086286,-0.0015740586874213552,0.0012483507338109272,433973.4392
13,8,27.35693735407782,0.4538924782224965,-0.10250844616976887,0.17125665262836226,0.18365121362958695,0.16552197842325742,0.004796360316625978,0.0013685937599957662,0.0020763161173724485,0.0012705679229785306,451207.1611
13,9,27.369068807064714,0.4795826233065823,-0.06817643857590673,0.17379040311405913,0.13217107372863762,0.17385750224125313,0.0067639495737669445,0.0012969527754700025,-0.0018183752715821542,0.001310225174269648,427543.3478
13,10,27.36045448940489,0.50549091381591,0.011795237502793359,0.1833547192486404,-0.014231932836036819,0.18714386644110972,-0.0006907769506401501,0.0013097381075065687,0.0022060024858871234,0.0012978717036063966,434312.94519999996
13,11,27.34600051300856,0.5321883920241891,0.2067929720013507,0.18249983718859392,-0.31623014158804374,0.18029946202565486,-0.000392886305921653,0.001328093081901929,0.00035661487916541776,0.001429774133400438,430783.8467
13,12,27.350426399821213,0.5593929165519759,0.39990467733709284,0.18590708860981706,-0.12584230446746528,0.18833557801079234,0.002768497260305291,0.0013654875560652946,-0.007185871819619118,0.0014560993594035499,424641.747
13,13,27.346699433448872,0.5878927208015701,-0.10314467053047971,0.20342528888368822,-0.10986559119178281,0.19453410600002427,-0.0065273796312375,0.001560246989044589,0.00040511665367641396,0.0014190106926874136,413106.3664
13,14,27.36334216906088,0.618780139394113,-0.10338474185636605,0.1966978065548127,-0.017451973271024518,0.18524115386715118,-0.0031140718550498885,0.0014516556872763292,-0.0043497245192242835,0.0015304368451814429,412982.7432
13,15,27.33331038960007,0.6519147817524802,-0.13536290393440578,0.20821363979393634,0.1434348596263897,0.20471123125430182,0.005674079575452065,0.0014948935446931415,-0.0026210390035514924,0.0015366136195422316,394958.3922
13,16,27.336316695973334,0.6881382265135914,-0.00958645286970971,0.21089589408165166,-0.48065493186000535,0.20156008472450312,0.0036847258054045922,0.0015835284259883857,0.006234828756167066,0.0015645822345924573,389407.2397
13,17,27.3491630343876,0.7302009589186883,0.28291524589397465,0.21023686916339415,0.3370102722705986,0.21709706488676456,-0.006272637887836322,0.0016479251506369157,-0.0011538005851848133,0.0016866944443146715,391801.1411
13,18,27.349763639635047,0.7815751637967623,-0.1459960940446398,0.2226304346815633,0.08237506841830936,0.2190701596511327,-0.0008547676486132279,0.0016538406094743594,-0.0002522236750014636,0.0016855858892626547,388973.9594
13,19,27.34803987202863,0.8496729853885391,-0.14383770820331593,0.23527262298358026,-0.10478112770803713,0.2282403905716452,0.011452501585225828,0.0021513560648353768,-0.0023549374929550835,0.0017827248931621333,349097.28140000004
14,0,29.982122090549517,0.1716067183246435,-0.23542652647105433,0.1150915970570941,-0.11002491432858727,0.11639411709250368,0.003730574643461479,0.0009191177166535748,0.0010520213886475824,0.0009265792038140472,468383.0962
14,1,29.984184321980287,0.2334126534841076,0.00813860982785837,0.12137806095667214,0.07908683393617534,0.12830308040810928,0.00360315700251464,0.0009829168544971169,-0.00505572609703747,0.0010048098550710406,473769.48459999997
14,2,29.963965115872455,0.27354804793844556,-0.1455822419987045,0.1291448098471639,-0.007985444078172413,0.1339804734432826,0.003714153763039519,0.0010211442183638872,0.0012729033186158279,0.0010397346806065783,467615.45
14,3,29.988658033537565,0.3067736362398246,-0.21175037961692744,0.1362509592666136,-0.03710236383687782,0.14078648876318894,-0.0022597513685133305,0.0010616496969775263,0.002708920173408526,0.001087824109756173,457242.05199999997
14,4,29.97426005435799,0.33625935586208267,0.06485104140254494,0.1459663300840503,0.044543156189420424,0.13813858251249295,0.004303044316883477,0.001146876659658468,0.00277129836860358,0.0010599679002621142,474995.0747
14,5,29.973810103885477,0.3642926088911187,-0.2574259777413735,0.15424117461327577,0.18983199768425357,0.14923365565232782,0.003906661740308569,0.0011626477680936542,0.0011694608207756718,0.0011212186572341913,446118.259
14,6,29.964027231398425,0.39106849132253874,0.07075511510419503,0.15378094824788238,-0.22627696954590135,0.15241980662888527,0.0009610344000500662,0.001177123530051385,0.0012058048911905179,0.0011756777250134117,443061.1682000001
14,7,29.967657567658136,0.41711498401070507,-0.14293424582497669,0.15894811585707302,0.024849314994241103,0.16006862403783476,-0.0014295927207346752,0.0011751968976106745,0.00024647460046730245,0.001197971437056059,451972.8737
14,8,29.962892301232912,0.44323474834257903,-0.09110345660808984,0.16595949633520435,-0.03898688784740757,0.16166988702677706,0.0007789123163781347,0.0012187651920704439,0.0014464623271761455,0.0012095516422955866,451760.9432
14,9,29.975154190875028,0.4690967409072321,0.3486189204499701,0.1721105363626067,0.003000636439070818,0.17119328866825273,-0.002693195668974301,0.0012424141833320345,0.0012415789832219916,0.0012914133685804942,427470.15339999995
14,10,29.95467862848025,0.49548737774064355,0.20247823863519462,0.17583019183582382,-0.22637467666213879,0.1761554097577588,-0.0005196058016483361,0.0013003265467154731,0.004559811608346398,0.0013792621775277846,440947.2162
14,11,29.956285056319487,0.5231580166770576,-0.012718847498155179,0.17497250947830437,0.007162564174787236,0.17225145295361655,0.0011788657465565226,0.0013192596261103271,0.0017673544743045746,0.0013339536055270258,442698.8408
14,12,29.950510828745465,0.5512325512859113,-0.09048800962597436,0.17491985625352907,-0.06971213758533268,0.18370697666137353,0.0021234447445763354,0.0013814278519992571,0.0019273564830170284,0.0013160537693950576,426613.88759999996
14,13,29.9595682508033,0.5809727755388874,0.06362032810769297,0.18155477534775405,-0.059266619491281015,0.18836148035341332,0.002152109212053142,0.0013753833833008106,0.00599748712296098,0.0014470780774603746,426678.2901
14,14,29.9941062352461,0.6121491753072902,0.4177654123584031,0.1998918275954661,-0.4135682035055757,0.19744601231836087,0.0024891436336950215,0.001493748819405397,-0.0004683761921532981,0.0014042634154952855,402982.2735
14,15,29.96538570223616,0.6452659425871302,0.15494775646886105,0.1953657298901141,-0.23917312627889337,0.19463613109106712,-0.00311957067688112,0.0014918999075363825,0.007524895804944116,0.0014908659857247666,398779.46530000004
14,16,29.969306113208475,0.6817648104613545,-0.21661668523249375,0.20171864024064698,0.010610011223580915,0.1988727879339775,0.0007469702086045078,0.0015598685868050662,0.0029246767991664814,0.0015146165307958585,392932.3073
14,17,29.94296492454875,0.7245626449092537,0.2691004242825607,0.2011905132547006,-0.057815015734808496,0.2024766553813063,0.004909412653746715,0.001620836250259259,0.01122082330389216,0.00173280612547131,399809.55350000004
14,18,29.96891699119966,0.7777287839637763,-0.28050624322057827,0.20544438966824022,-0.4065464789837027,0.20737421862452834,-0.0025860340590164814,0.0015672997506507543,0.005052369761207654,0.0017112645538751156,387773.7307999999
14,19,29.97245321686017,0.8482522216892396,0.18545003731879245,0.2329106362217481,-0.41048085105575777,0.22252127089454604,0.003660800796532831,0.0017697922157934518,0.0021855542078873607,0.0018488461774262036,353318.1518
15,0,33.24146577022972,0.16315836278026,0.04083891449716595,0.11040912486370837,0.16029770331645202,0.11052482175144025,-0.00031457452560109555,0.0008574593246206521,-0.00047015106969176324,0.0008464148438626935,495033.6071
15,1,33.17904197533743,0.22388515047192115,0.03310758128499345,0.1218073958646827,-0.056017815886586296,0.12202091342401536,0.001687732346238449,0.0010269624403688557,0.00028571529127231364,0.000986660194396598,453255.6655
15,2,33.21257472222183,0.2629957982986498,0.1506096506086468,0.12895544307361845,0.04795001346500458,0.12643459425154258,-0.001118476352176844,0.0010142493088231628,0.0017652811391479471,0.00102171940624673,459228.51209999993
15,3,33.15250528811723,0.2959467238805372,-0.03831399360285803,0.1377447850951526,-0.10752837836060791,0.134886815878641,0.0027800211460298325,0.001049529084363545,0.0003161527818921081,0.0010593957346061568,475660.7389
15,4,33.155059942059594,0.3259838921505467,0.05946410271023658,0.14325123718398627,-0.09526784673607924,0.1447112555859566,-0.0010195718014629296,0.001090294877572373,0.004346382428275423,0.001089267522252176,465345.11309999996
15,5,33.143270301643014,0.35456783757639226,-0.059975543828597724,0.14956541014038657,-0.003767921707337994,0.1495596721565664,-0.0006945338110072332,0.001130440507657033,-0.001057008099463828,0.0010897760377549792,459679.5599
15,6,33.15502231375347,0.3822760424817687,-0.04167786024141761,0.148045719601055,-0.30606567508187027,0.14607355346550058,0.0021128759965966006,0.0012379933849512275,-0.0013659618083438198,0.0011057638321377169,460616.27479999996
15,7,33.166744767059214,0.409072679215324,-0.14571285173797147,0.1536892377672419,-0.08047275254314441,0.1573372536957793,0.0013797786495381697,0.0011961463127657347,0.000408659742658801,0.0011956506905130854,462696.7312
15,8,33.203829279619434,0.4351690658277528,0.14587566294406165,0.16052354632333984,0.1479146882043187,0.1690079847917091,-0.0009290879486085755,0.0011345459827465452,-0.0011908968507546038,0.0011592434743768212,463686.50149999995
15,9,33.1698079101044,0.46093729095091424,-0.011774376063994944,0.15726210351819456,0.2984185501199449,0.17620023182015204,-6.168015361904757e-05,0.0011839539315667558,-9.961022214484934e-06,0.0012173192539190203,454081.8596
15,10,33.14649766660538,0.4876426815907767,0.022404691218719585,0.16745092834401915,0.09744442576171815,0.16962937660261493,-0.009353734370425014,0.0013344843108314822,-0.0011051415319616295,0.001231304565382261,445616.9745
15,11,33.1381775563589,0.5148125686484546,-0.05562003934610722,0.16387735503933895,-0.15089200378914241,0.17423108053365854,0.0005707242500723624,0.0012528739045164856,-0.006413596748578558,0.0012990756330826284,450132.2639
15,12,33.16455806960888,0.5437816333836512,-0.12460255502157803,0.179821684316057,-0.315576849023911,0.17671798932352667,0.002631311040443058,0.0013259817622752927,0.0034475941730560647,0.0012991573637665108,439200.7246
15,13,33.154770788820244,0.5742813606135342,0.1447550372394331,0.18750751363687052,0.17015090290803503,0.1831165568511945,-0.0019535361199385435,0.0013320206085892662,-0.003319189420384305,0.001381663658459702,430439.17670000007
15,14,33.15138237370744,0.6063877796474246,-0.4373391121289017,0.1883344001616829,0.17142927036881253,0.18362088094604476,0.0007923959829982917,0.001357557440640747,-0.001539558971345731,0.001360507774647622,410504.2189
15,15,33.1349073891072,0.6412044037932957,-0.0528486419567187,0.1874253650945043,0.1969831522340533,0.18532123276691922,0.0030551656396586397,0.0013635063875249366,-0.004220616002472942,0.001410224751113542,420209.82440000004
15,16,33.16895492224105,0.6789700434383223,-0.13648051096027872,0.18841327754316184,0.04970548315547855,0.18046319563815363,0.0008742593798337366,0.0015301641682410698,0.00040193073136236644,0.0013886188696591506,418605.2887
15,17,33.18005528523077,0.7220627565892911,0.01753672238779094,0.19460032451597828,-0.06049134667172007,0.1868916058627919,-0.0017779059468422515,0.0014446086162707614,0.0014836910698426838,0.001477579003980521,395564.3251
15,18,33.1858620939527,0.7745970335975525,0.11969711677413941,0.21502877019487707,-0.21887288244777928,0.21122243371781302,0.0022347180287592603,0.0015790708820639246,-0.0005526129964180054,0.0015898163774421895,377284.4224
15,19,33.14476559806708,0.8453388945502,0.311571580679826,0.23183268027719353,-0.48104089170357633,0.229615187145504,0.008270771595647536,0.0019241368711618153,0.003006845156539264,0.0017604400325892766,346978.0453
16,0,37.338284633729245,0.15077565672821916,0.04326068214698873,0.11392873061824235,-0.08720635311310493,0.11079215057230385,-0.0006329287244932389,0.0008537133791102766,0.0011771077329487715,0.0008414440557752143,476923.1551
16,1,37.328729507804645,0.21079401737364942,-0.33388595743584204,0.12961443841820164,0.03694661745612376,0.12215501083715964,0.0018090391709745886,0.000945220018351543,-0.0024327510689690127,0.0009301411344838097,467352.257
16,2,37.31013827491887,0.24897195132244856,0.5360392669770435,0.12820520273111544,-0.17467289311977868,0.1276568672528241,-0.002090515260123805,0.0009468467008173317,-0.000697487464992737,0.0009705949129528779,463720.5252
16,3,37.26321600926683,0.28142516645893845,-0.18963064469540566,0.13261798489686602,-0.22479559704922694,0.1286946249265205,0.005474512742765454,0.001013759107242323,-0.00263866158899581,0.0009897597741112157,464666.38340000005
16,4,37.24921850520332,0.31096658452891496,0.03664533707047089,0.1425953033531396,0.024141077113635643,0.14088065542527403,-0.00310062405441233,0.0010726927877120643,0.005353258131540111,0.001104439176676975,446609.2666
16,5,37.25239379281211,0.3389399757759785,-0.03188844942602321,0.14301346810398052,-0.0631082875337255,0.1455791543674915,0.0020696333899903876,0.0010775745924002976,0.005646820568021254,0.0011699926969551346,435751.94550000003
16,6,37.29975747825385,0.3663888252501186,-0.3777945300721977,0.14949979825278345,-0.3845498267757762,0.15709545530571487,0.004070832414504734,0.0010633768165941816,0.0009560244412203484,0.0010986980187150694,457534.55830000003
16,7,37.245500813299024,0.39311534420180705,-0.08885224369986683,0.14697477191109107,0.2955973182420638,0.1615121010134374,0.007642128000609436,0.0012040429635553449,-0.0016798320107986272,0.0011605160494890033,468896.97609999997
16,8,37.20508731174864,0.42034910469256326,0.07141445900486965,0.14907903987741533,0.2567100233267699,0.1556673317619032,0.0018210582736717749,0.0011284305057084449,0.0020535622943168587,0.001130094984657787,468728.9527
16,9,37.21037411004368,0.4476407803853103,0.2455949668779333,0.1661040130259382,0.2069756651384973,0.16431425970980856,0.0014689385290375364,0.0011724772344204968,-0.0003088060552306521,0.0011651243103394063,465562.7106
16,10,37.22865572683643,0.4752117339711091,-0.27096676079004933,0.16332289884409645,-0.216541221101352,0.16032147519292692,-0.00457758516639868,0.001321192661863378,-0.000676377953362478,0.0012044700774402465,459902.6089
16,11,37.24986339671114,0.5029803278494294,0.2991166568209004,0.16353019860944795,-0.3413257523226854,0.16397426026776932,0.005541934246878372,0.0012105568374668012,0.002895881237806863,0.0012168725359226614,462713.4495
16,12,37.20073937398593,0.5328017134279057,0.039695157568618133,0.16634077441926565,-0.10070002737733237,0.17273156134090395,0.002225484553694113,0.0012296925568175089,0.0002815797871141789,0.0013364249249047026,453196.5695
16,13,37.26486366844213,0.5637035080630907,0.006880305301812482,0.1700404286351607,-0.28512401055161457,0.17033653349622074,-2.2789858839341978e-05,0.001260063164858512,-0.002959890821935255,0.0012935987181973915,449156.3029
16,14,37.22047492610717,0.5968844694149364,-0.27388769399792484,0.18577736714383392,0.21474972798284064,0.1818462211795923,-0.004240956843983619,0.001364267056741542,0.007271909250788868,0.0013939363223497228,424901.75619999995
16,15,37.26902194940623,0.6334904525690103,-0.14175468179911951,0.18379796095803191,-0.2602020487833065,0.17659769493046018,0.003039458799662576,0.0014184450704669473,0.0025907152647446307,0.0013587428965494118,425614.9484
16,16,37.27676360007747,0.6722050725141293,-0.24061871732420032,0.19849350816832753,-0.261506897481586,0.19016650806083915,-0.0033331850401078925,0.001527583025242199,0.006395738426093033,0.0014904690970805815,399189.63969999994
16,17,37.218467239905614,0.7153164917667105,0.27859717299379827,0.18971356233683445,0.23084270928029432,0.18105170586368774,0.0020293052947095535,0.001465017240222638,0.010126028599257394,0.0016467354528254925,407113.8636
16,18,37.255350375592464,0.7681994533265994,-0.15319945105381505,0.20059639210478364,-0.014341178829350107,0.19890459880122674,0.0001491640433842956,0.001859220592747348,-8.085376084884598e-05,0.0014784736894338782,388397.43100000004
16,19,37.22263311304304,0.8413726454020501,0.12423607157316434,0.2139774524600991,0.047804647324758955,0.22303843416298694,0.002709096522469552,0.0016955726757723595,-0.008642729893179869,0.0018234540699693883,364581.8726
17,0,43.279852406694076,0.13826495686373338,-0.12303121512378486,0.10477007222722312,-0.17494885060125082,0.10591237055513106,0.001831562019407585,0.0008096704732518193,0.0013506133503620168,0.0008232352306893871,491779.8849
17,1,43.059264292562986,0.19132211907327476,-0.08287911399786582,0.12313520620917712,-0.055980096819348,0.1199818638041024,0.0001842319714823035,0.0009174259211047829,0.0029084177190316545,0.0008722303191635594,486551.1479
17,2,43.08266291409595,0.22707771695460577,-0.0021775433414923193,0.12102720300038045,0.007807535661622407,0.12271157872645014,0.00012673412663081313,0.0009071928131684813,0.0018437091288804653,0.0009101150176181672,491029.2003
17,3,43.03031880877757,0.2582437873243609,0.10033014860455632,0.12547477961997178,-0.18011930895412134,0.12940866335330573,-0.004392744765408342,0.0009414250898660212,0.0033911938463874044,0.0009679930146116207,482447.2531
17,4,43.01456652287478,0.28660113550779037,-0.07210236955878155,0.1264049131985095,0.052876677197328116,0.13047053412037085,0.0004910743461314311,0.0009824003907208583,0.001070268452135903,0.0010130703603421153,465689.1581
17,5,43.005077044599695,0.3142492039610832,0.06987183193061917,0.1400618472154206,-0.17873213869244295,0.13865554859528142,0.003006311819364491,0.0010668897809763545,-0.0008241719187671989,0.00105541222432428,469331.72660000005
17,6,42.97229135537257,0.3416599480404709,-0.12133082426623175,0.1433092531860279,0.10756746435447971,0.14325996199437072,-0.0008501201477320079,0.0010158764285389892,0.001290572334283802,0.0010693222218735813,474483.30189999996
17,7,43.041612150947714,0.3680561861402225,-0.05070691963228373,0.14676435933626023,-0.10597761566067165,0.1513030363689424,-0.004250152397929908,0.0010688830026848914,0.0027369503197868543,0.0011394895812333026,468484.78740000003
17,8,43.0089514391414,0.39498493245477323,-0.16785187802339077,0.1426106964989423,0.07939571226799669,0.145436806269932,0.0011933211494831648,0.0010595508949895343,0.004883612288224582,0.0011314502692997145,469071.1235
17,9,42.983394276021194,0.42247322695867473,-0.15154132940618448,0.1520115975419977,-0.16683937196748788,0.14738375491014832,-0.0009426614405427454,0.0011094699815355949,0.0012131939552146277,0.0010694311023094556,472420.17060000007
17,10,42.95288957055552,0.45112976173457686,0.04851031049273782,0.15166303505830903,-0.22040188048339723,0.15450878752210395,-0.004823503111818435,0.0011504162817210903,-0.0019968202094349167,0.0011331466048677815,474082.0806
17,11,42.948547558986014,0.48126830188723774,-0.06781219917208318,0.16191649774057096,0.1854060746693952,0.15770280081477078,0.009548083016298593,0.0012884165947747359,0.004506622076513049,0.0011603861536183446,466924.39450000005
17,12,42.958357441299995,0.5122567676997353,0.2314509474670219,0.1679496491102466,-0.2556021206168364,0.1665003778835291,0.005538964048203531,0.0012216056945492252,0.00035012572803030375,0.0011377424263369303,465974.2632
17,13,42.88194829487048,0.5459030847605104,-0.2908954160380426,0.171399244979599,-0.10828985685706008,0.16774633966289845,-0.004529060914609683,0.0012943227079741577,0.003706631791208473,0.001304265852829053,455519.62100000004
17,14,42.96545811280582,0.5811024470817744,0.49197233050515854,0.17278258361745885,0.10941300926650245,0.17295965639936142,0.0041717286302882005,0.0012690723869620993,-0.0064756447954426736,0.0013905740050049618,456038.73510000005
17,15,42.967776188497034,0.6194838896420563,-0.27320756298319887,0.1805507257067706,-0.011128771004643243,0.18241254851102356,-0.005388197646084804,0.00147831684231345,-0.0008013354073256353,0.0013760223469167841,443438.12220000004
17,16,42.91771362809057,0.6616802382617618,-0.07593154345462498,0.17443544116419496,-0.09867075689258123,0.17355972527044855,0.0037873243343072454,0.001317985312883961,0.0021101569007603987,0.0013109800267953526,417643.739
17,17,42.913062601688644,0.7077832259388183,-0.17666857299822966,0.17286908148624866,-0.05394616831366147,0.171044210835081,0.00657892782842531,0.0015454901116440602,0.00012731550777988316,0.0013452740415528539,400727.8405
17,18,42.89281040722573,0.7633906514250041,0.0009825241448750692,0.18248931515955502,0.04359372340395554,0.18404490096562887,0.005582172618543983,0.0016527115450588944,0.0025423210443032075,0.001535398705989105,386376.6411
17,19,42.964354313816614,0.8390192143962866,-0.29310479882240303,0.19728928116951105,-0.0946548696124931,0.19694603666410132,0.009483860901366738,0.0018274501189583816,-0.0056395105280066145,0.001811644107842538,358585.3321
18,0,52.99863710307728,0.12456540559972049,0.009592211605792962,0.11208360352009418,0.009270048563809714,0.11292589373403007,-0.0005925207599177609,0.0007862531668924078,0.00021365432711292805,0.000791803402028137,504874.0756
18,1,53.17359938152368,0.17327624492954855,-0.07204630162341524,0.11333114898338514,0.1978503035716818,0.12856942389945825,-0.003541800114790372,0.0008399432548961421,-0.0026513365858888745,0.0008539256723578679,495309.1825
18,2,53.00467722201863,0.20439316822516881,0.10607845048505411,0.12215125304751913,-0.1226369158248161,0.12506077495001866,-0.0013503905276290508,0.0008801315291337854,0.0019795011497127186,0.0008801615556056003,485741.2511
18,3,53.01247494626069,0.231792915689587,-0.2144708555000603,0.11696431172622007,0.00883246296433059,0.124297090628351,-0.002334349834308992,0.0008785721109912553,0.0037586548100572194,0.000966303643674397,486292.82829999994
18,4,52.89996998762733,0.2573533129407015,-0.12822625124128692,0.12573367455157702,-0.12824895886008394,0.12954749925655,0.003116889064519931,0.0009456301376964297,0.00516098144838405,0.0009511823160840424,467928.08259999997
18,5,52.87834697746502,0.28193578900425803,-0.2651496004686734,0.12858046108684895,0.24229906286373626,0.13350296841553977,0.0020330759444676656,0.001005121090292079,0.0041420959218067925,0.0009918503319855901,479726.60699999996
18,6,52.772149490581064,0.3071355171110736,0.08058574347510113,0.13072360919944048,-0.08162040687225258,0.1325132222690806,-0.00011191029081183859,0.0009777045396765131,0.0003356374856985355,0.0009688530950607342,490725.72650000005
18,7,52.64238080507141,0.3327322616549388,-0.04765212994235264,0.13696350022980425,-0.128299144836792,0.14305917787935937,-0.007405521666588863,0.0011166707617828971,-0.001575254650663455,0.001029274868450752,485190.5315
18,8,52.56683379981241,0.35855340344835807,-0.15471915346262058,0.13749917428044817,-0.09030911869762104,0.14081945393466982,-0.006498528937614985,0.0011023793422796863,-0.0009301280721067893,0.0010836522886441206,496835.9266
18,9,52.57945795011105,0.3848701038712664,0.022704015877025592,0.14841775429056284,-0.13471692094703447,0.14426034163241588,0.00023665232067536203,0.0010602885790922576,-0.008050772826279324,0.0011068607429751192,489381.03189999994
18,10,52.52534650095292,0.4124294670916292,0.09609215121655323,0.15135641090718,-0.0033308535866294546,0.1509169198454545,-4.570575421429609e-05,0.0010663421104301265,-0.0002784291504379789,0.001053825566055556,486112.5246
18,11,52.48526762820592,0.44222574907247475,0.04211327725899067,0.15096972298565073,-0.04729560642037303,0.15912646089719024,-0.0011980959537419942,0.0011061704336060396,0.0007006684750235193,0.0011276976382195297,480579.64989999996
18,12,52.48377747715133,0.4729818410302218,0.15335770476720884,0.16322359063985808,0.2438085301164687,0.16912669783858497,-0.0013287599952478276,0.0011456051549939182,0.0030692048576896717,0.0011332307736591479,475574.9867
18,13,52.420505840825804,0.5073956079212767,-0.5154944303791136,0.17080183557495612,-0.02070359889349397,0.17063005551263896,0.003170102138837025,0.0011997082406080832,-0.0012152430660115504,0.0012207328259298937,459375.9502
18,14,52.41119074351671,0.5448424399740343,0.03629195491082593,0.1677590001258089,0.08741407770043966,0.16475352252587686,0.0026861739034296267,0.0011946197719397331,2.3120049540123972e-05,0.0012128763604244935,458417.1447
18,15,52.49251251555628,0.5868383837636973,-0.0878560320051184,0.17489696033526947,-0.19757752881205665,0.17551425670743404,0.005436349552035572,0.001283159371855219,0.0055344041892647616,0.001405457717608459,461341.5396
18,16,52.38986834022629,0.6330611055279618,0.015466721897943328,0.16881844326411452,-0.09522880269688933,0.17005829593721955,-0.0023467250402080396,0.001234827030869774,-0.0038065599101252835,0.0012800911677979796,461242.2101
18,17,52.16664670383546,0.6862565993210519,-0.13779422288205137,0.1736410586112799,-0.05335868001282933,0.16375459522014593,-0.0026499180658697257,0.00131653177836066,-0.0028100678397514193,0.0012711386733975808,443653.63690000004
18,18,52.36565267638742,0.7484428699737561,-0.17093091235671812,0.16723942280966766,-0.029649901445947993,0.16477123230210888,-5.928231154923261e-05,0.001359802498503643,-0.00428591612954538,0.001347242451111154,440302.696
18,19,52.33549000896211,0.8328576305601059,-0.1564598993421242,0.18931996340483476,-0.15738970422025322,0.1794065796202427,0.005241903305161178,0.001505718373508868,0.006100807132187368,0.0015618460163917863,374362.58249999996
19,0,93.81721991671525,0.10819639275190766,0.05398746757601071,0.08894741120676267,-0.20046059142295952,0.09002427370133105,-0.0046996110481367925,0.0006476490288096027,0.0008359633646144584,0.0006505532206793875,572513.412
19,1,93.54290369985189,0.14797991854465942,-0.024304028007495284,0.10171386535881255,-0.07803483153872484,0.1029554879456752,-0.0006382960938065925,0.000729574470097254,-0.002443857768185783,0.0007570569645170759,526122.2564000001
19,2,91.64564165309602,0.17448047630600155,-0.1936841857787321,0.10476382909631547,-0.14919532691794077,0.11309618658609116,-0.0008066328462734999,0.0007588906841416238,9.938912174856606e-06,0.0007706723026577062,518805.99979999993
19,3,92.26063004275491,0.19787972336815632,0.08048866066454757,0.10629276007944795,0.07592224422039075,0.10228435642329961,-0.006509729603069968,0.0008656387284475212,-0.002193903026090816,0.0007835263739510466,504839.35180000006
19,4,92.56757734658254,0.21985528565112816,-0.09417372637209812,0.1142109552801711,0.12556362072765906,0.11457818694280912,-0.0020154678942142694,0.0008235195586626973,0.0035250169964601737,0.0008163222843619866,505783.3548
19,5,90.35951230471993,0.24156951683337996,-0.053339729612869716,0.11780717465351453,-0.005560664656450315,0.11513272317772191,-0.002321342914526143,0.0008537490877572255,0.0047847839607401115,0.0008509167058166085,513272.2711
19,6,89.83723585428733,0.26342524699090697,0.05303904677313899,0.12420980364995078,-0.0505051962215106,0.11618036609378032,0.002671590494976671,0.0009103595411545884,-0.0011400744608935879,0.0008589737738871204,512862.5092
19,7,90.1564353178984,0.2855203658346109,0.12588507619629005,0.1265271922498948,0.02361707859781775,0.128633231252372,-0.0036400958544371667,0.0009274000085040246,0.0004044175214482238,0.0009159499702493634,490536.1006
19,8,91.14258136849213,0.3095306077025517,-0.35604266383658023,0.12865237947947744,0.10226113375590117,0.1320404748851136,0.0011695984997197946,0.0009265801302410009,0.002540462923995009,0.0009537950141628344,496068.04720000003
19,9,90.18237901825161,0.3345958194279123,-0.0803907667076301,0.13425706774725923,0.10440483673757674,0.13120545564968683,5.393694178232241e-06,0.0009847827402520576,0.002362966423321127,0.0009582486383836884,502990.46390000003
19,10,90.12563406153266,0.36045271483855296,0.056835700681141556,0.1326607867518871,-0.2740982796971661,0.13469689975624477,-0.00622947823316818,0.000979474651230058,0.001779901074129742,0.0009939027490115083,499230.6743
19,11,90.87959949427425,0.38894050833812505,0.19467847235337776,0.14044349515377152,0.02312678460531476,0.1538773759514923,-0.002919845647611751,0.0010003286541532923,-0.0008586598689658638,0.0010010708180141744,492573.22510000004
19,12,90.35261777864069,0.41997412652960336,0.07711439705777859,0.14548872976820168,-0.36930117094616605,0.14538012805316652,-0.0015998763948813666,0.0010649425925100388,-0.002698655785483828,0.0010465362862784227,505900.0736
19,13,90.59696565290244,0.45382853409199747,0.020697703394469972,0.13596708631648996,0.05154328664326275,0.14472913943809462,0.0040457794908775714,0.0010500642108781891,-0.00044714275159802734,0.0010451291739453307,515473.8498
19,14,91.38985408422008,0.4915318297737759,-0.14031917871961086,0.14138650113861584,-0.27369544412705454,0.14797983059053013,0.0017143305936658919,0.0010844351422305545,0.0034454166645643564,0.0011139674927544796,487480.84030000004
19,15,92.62290213291547,0.5339480159664698,-0.28151004686180015,0.16062734511470952,0.30433373699757515,0.15779856753610286,-0.0031066662027804085,0.0011872102260551047,0.0006960915365325576,0.0011291981071677145,459842.01339999994
19,16,91.279952507963,0.5834002351600432,-0.04552548359892238,0.15401992002809867,-0.26140814455829037,0.15681343160239222,0.0023703212765631954,0.001190726721149474,0.0025190982963331906,0.0011857872940696603,441012.05860000005
19,17,90.73356005297997,0.6432416945314512,0.3893361885376713,0.15779758100541552,-0.19678352463552665,0.15223316719917146,0.0015711746787793694,0.0011870852004715728,0.002080748720195276,0.0011898260073047145,442402.5597
19,18,92.89747263034147,0.7195688708424939,0.09013460479783707,0.14861637088648263,0.09396087205516158,0.15572314643036364,0.005923372149883518,0.00130828732294626,0.005213672233961342,0.0012620176138637394,422259.8077
19,19,90.96147026269371,0.8211087153290474,-0.30505516521933324,0.15894003276763374,0.12094621706254732,0.16028983258895246,0.005183742051164897,0.001307234378871029,-0.0019776141013471346,0.0012797630466032462,361708.6513
