bin1_id,bin2_id,bin1_mean,bin2_mean,m1,m1_err,m2,m2_err,c1,c1_err,c2,c2_err,dataWei,simWei
0,0,13.819811115395368,0.20819466766187458,-0.20052921738741503,0.09976378464113864,-0.038640187506766566,0.10354012958170368,-0.006857510223022692,0.002823315140725213,0.005268502254314251,0.0029301857038824767,51107.41047120094,69785.64251628518
0,1,13.81937609817009,0.2893844905373187,-0.16975467382488618,0.11002757207694963,-0.10497611462532119,0.10655655404110972,0.0018406250252645518,0.0031137803287986914,-0.0014624963577992683,0.003015550517153435,45718.480298638344,69788.94487470388
0,2,13.802210496022187,0.3387419327157945,0.051809249446970185,0.11182567102592267,-0.25636035271797786,0.11270539305385278,0.00423332713091137,0.0031646665296923217,-0.0017470568181851363,0.0031895626633947362,50514.69052853063,69780.74668395519
0,3,13.823013040583128,0.3785943367222793,-0.011134452137936957,0.11415203423661067,-0.2023345798398002,0.11269988213904635,0.004926808994764482,0.003230502609379832,0.0028874102719039785,0.0031894067045037614,51563.6605463624,69789.81298669428
0,4,13.750937935914838,0.4137219462503453,-0.36294613546798105,0.1210771244656224,-0.08197068438743926,0.11791039591025441,-0.0038944671341178834,0.0034264826653168327,-0.0004171572999890679,0.003336864246076843,51679.35477851331,69782.18706994504
0,5,13.771219700946242,0.44532673056538546,-0.0042417077081221555,0.11495044480197779,-0.07106538135078122,0.12025254347734901,-0.0030559537137456105,0.003253097628662875,-0.0005061222029259203,0.0034031470230562557,51798.550848819315,69784.62868253514
0,6,13.741420799502063,0.4748640229339996,-0.2845326272676376,0.11316437106154505,-0.1882636959914814,0.12337489809583876,0.0021862328272032948,0.003202551741175202,-0.002859469614016237,0.003491509659866856,56228.05413344875,69785.0427961722
0,7,13.663702320809772,0.5039545089644943,0.03437747199287422,0.12170563165769856,0.1148126547233046,0.12043189106802177,0.0016303087853319022,0.0034442694190754846,-0.0026149708675344586,0.003408222559935904,55908.86615132354,69785.97023169696
0,8,13.694982732637758,0.5320600953288595,0.02717928037267603,0.13325420166485322,0.013129557431167616,0.12624897528979406,0.0025197094283274067,0.0037710939543736336,-0.007335030180300657,0.0035728460454750722,54597.27804210968,69788.89008970186
0,9,13.649096472205821,0.5596492024804638,0.10386778480088577,0.13396730007183652,-0.08469084726516996,0.1340820108017031,-0.0014376569910828857,0.0037912746395441597,0.0047042971187275014,0.0037945209532400668,56769.645198352635,69784.76266376674
0,10,13.644207395325912,0.5867868755958564,-0.2922624252335597,0.13593399221401609,0.1976952113149093,0.13427616641051557,-0.002053344520019863,0.0038469320278653237,0.004030622868680675,0.0038000155570383177,56600.31127035059,69786.29344946332
0,11,13.554193326505816,0.6141167046824237,0.49064020734289837,0.1472619040330334,0.12373299194930776,0.14582839401549696,0.005726291709610363,0.00416751193636093,-0.0008421811695025379,0.0041269436023562605,57241.7768098712,69787.56157365628
0,12,13.554579852733191,0.6421239574763474,0.3751725432932549,0.14326222570740574,0.1344848264220717,0.14837764605498427,0.007737980026216389,0.004054321038327189,0.011656188336950129,0.004199087435977834,60136.801642486826,69785.2286459636
0,13,13.531971233178727,0.669964232243034,0.29837206554903983,0.14826597329928007,0.17372529469330522,0.14151990648892251,-0.001251218843449533,0.004195927096951804,0.0019205321848468418,0.0040050134038262086,59281.69834357314,69787.39813147858
0,14,13.486312665793616,0.6983173816543717,0.33663858152953363,0.14357317155767801,0.27702466852758123,0.15534914375163,0.0063398127642348145,0.004063120806000174,-0.011525823900683727,0.004396380823265335,61386.582777367905,69790.41306346096
0,15,13.469848426229213,0.7270537529840896,0.21249594679454398,0.1555444524226683,0.3440250160382401,0.15418084331692214,-0.00031203569130609657,0.0044019080587249845,-0.003406782428707407,0.004363317920548767,63336.913923703134,69778.77755163796
0,16,13.441678474294758,0.7574813669653343,0.31062423933205574,0.15919323715662978,0.2150293736933544,0.15993051797392366,0.0018792051668652192,0.00450516866799013,-0.0008939057940762288,0.004526033715381021,63730.32619552873,69790.58032212593
0,17,13.48574262716489,0.789395530570765,0.336454622555872,0.15654184813821906,0.40678453286738625,0.14970656356417275,-0.004946723304619213,0.004430134357828795,-0.00019625781279974247,0.004236695801959166,63625.36274954118,69784.15371581912
0,18,13.516954718460946,0.8249339673562558,0.36194072004020406,0.15273663843979235,0.32697868637621497,0.1511421485300137,-0.00480075083118175,0.00432244692201381,0.00036937539700131194,0.004277322857001591,65942.71792430058,69786.40966596268
0,19,13.638634520833653,0.8702854184694598,0.13107973433730957,0.14562762676220356,0.36257248249296126,0.1441866139901198,0.0010875949333549913,0.004121261889016857,-0.00865112605792137,0.004080481227055832,69702.23185791075,69785.90625281446
1,0,18.859147342369116,0.19934740790279432,-0.03581936548787701,0.10393778068855472,-0.10051447802005553,0.10779571413071272,0.0018164592200253875,0.002941439230347387,0.003920552741536127,0.003050618748128667,54095.0788192749,69851.0841255188
1,1,18.83670343175599,0.27806072293851786,-0.10802840272248893,0.10895643598034654,0.042531309803212514,0.10190984106265366,0.001918350213835236,0.0030834671768849506,-0.004281678042478022,0.0028840485382151822,52637.79906272888,69842.44656562805
1,2,18.831196077199195,0.3260797921958399,0.0033035702016948054,0.1135705472501478,-0.22590828633559323,0.1125395766015585,0.0015559914484879667,0.0032140465274567067,-0.0006417693069496605,0.0031848700577360007,52065.36574995518,69852.49867200851
1,3,18.803837742010522,0.3647578983540291,-0.3030596877145789,0.11761612358896453,-0.1035114020836736,0.11642367487781746,0.00028899479860962666,0.0033285363392799782,0.006917298305060753,0.0032947900403316158,51092.75697302818,69857.52213478088
1,4,18.792249555681497,0.39910373452747294,-0.014131607413833458,0.12317240227605707,-0.1367485496672315,0.12651731284376017,0.0004668947142643722,0.0034857790280952167,0.002652137969939957,0.003580439998347477,51196.73303818703,69846.96469593048
1,5,18.79597479695836,0.4300984684954725,0.11593191735874586,0.12662890059899973,-0.08336060697376602,0.11785419707140037,-0.0010059065603257164,0.00358359793186033,-0.008213444191287224,0.0033352738189173416,52844.299277186394,69842.60773015022
1,6,18.78737453270046,0.45934952051645295,-0.07217818969929701,0.1311587854629863,-0.02723636154336917,0.12463406373751512,0.0019482718491211364,0.0037117936751176633,-0.0052878726692139975,0.003527144047972854,50645.03287535906,69860.44121789932
1,7,18.787121555649602,0.48801259773538275,-0.07429844325114177,0.12985113115614344,-0.025037595413908265,0.13971082144667435,0.006711661290226841,0.003674787057770255,0.00440426081402049,0.003953816296488997,53160.37702667713,69849.18233776093
1,8,18.82622987925076,0.5158236297225256,-0.05314690875251049,0.14164552679203438,-0.229109115050518,0.1308275349383512,-0.0038013103843175557,0.004008568458448823,0.0031434824763975494,0.003702419285153016,54406.41490352154,69847.14008784294
1,9,18.784086364670255,0.5430285636879143,-0.15466788921938923,0.13958688443954703,-0.18633784985139734,0.13827073431530115,0.0013771385808861805,0.003950308879143341,-0.0031281470569620804,0.003913061830160412,53877.660618662834,69855.07393920422
1,10,18.793917176901214,0.5699634884706275,0.07378939995358991,0.13457024661439357,0.031811312215917376,0.1328945047939166,0.0014510557550285938,0.0038083380269123565,0.00153165410689283,0.0037609145327985633,55477.19101321697,69842.52496939898
1,11,18.81036095767836,0.5970155472877385,-0.1266045342281097,0.13955022289365746,-0.16490515581040555,0.13801887314166475,-0.00027781912600349746,0.003949271357381661,0.0018492662946159536,0.003905934158857179,54376.92338857055,69844.1044537425
1,12,18.80721886819989,0.6243849083774707,0.1016988307829505,0.14433963875879055,0.2151642710676449,0.15299723948628563,0.005262227144747589,0.004084811828063482,0.0008182407634252063,0.004329821931721994,54378.43470954895,69848.11642247438
1,13,18.786322637207192,0.6536525612015003,0.047645557813528416,0.1511336510057271,0.23499404120707368,0.15895643598683376,-0.0017936526424477215,0.00427708237706127,0.004357480667477945,0.00449846719480092,60494.329720914364,69851.99849039316
1,14,18.79856098325683,0.6840124215523314,0.027413644613758503,0.144338228849242,-0.06507439508805979,0.14618191334604969,-0.0025673060300148423,0.0040847719276227625,-0.0005227263800533875,0.004136948199536277,57680.71743591875,69851.73910808563
1,15,18.756699063148957,0.7147876848473724,0.07444455646642778,0.15200077321899208,0.3163023359068218,0.15333439060004048,0.005372657578256557,0.004301621936004192,0.001632563465436103,0.004339363308360825,56000.75304159522,69849.7482393235
1,16,18.775974509257686,0.7473741693691351,0.22289385698956865,0.16340247540115285,0.1379657763661446,0.16455219068092206,0.010346459797425564,0.004624290111802926,-0.0010921539402322655,0.004656827054628139,56069.785919211805,69849.25000032783
1,17,18.779325784324847,0.783237618300561,0.45820853781525916,0.16360447417549434,0.46783195828137547,0.15819918963966506,0.010373219242481694,0.0046300066771884285,0.0012173659644344886,0.004477037122907485,60315.63293323666,69854.68074192479
1,18,18.757663746758006,0.8232553329794666,0.4634767805956863,0.16567495765173607,0.5724413503122809,0.16405166765190468,0.01118461980620588,0.004688601360300362,0.0034715445384755073,0.004642662252729439,57553.88061484508,69844.94483983517
1,19,18.755439879429897,0.8702704474808555,0.26591837410375474,0.1503223930183379,-0.06784105750624336,0.15614508857893505,-0.002183785767710624,0.004254123775730446,0.0025976631053171283,0.004418906062160352,58888.169232739136,69850.8956564106
2,0,22.76733569059077,0.1863273227959996,0.07329111651295217,0.09836833533782716,-0.27252853879456096,0.09463972593125138,0.0031943338628190984,0.0027838239249466067,-0.004023802735499333,0.002678304277418171,58669.318484306335,69800.93588209152
2,1,22.744933172895617,0.2633784803913202,-0.18260168938186971,0.10070047480643135,-0.10510083662700975,0.11390294623741526,0.0017496589539333911,0.0028498234727351913,0.004758872752985564,0.0032234534189142603,56871.030232429504,69808.17180109024
2,2,22.716973440246953,0.3111333555100253,-0.09492446509674624,0.11273022479371352,-0.06590347064720592,0.11038105387397913,0.0026063652756779764,0.0031902654016416018,0.0008978463089570517,0.0031237838637799904,56797.56146526337,69816.41794919968
2,3,22.705310923066836,0.35062767049119675,-0.10400197703966141,0.1201757416136779,-0.1086974646184673,0.11662753196603039,0.0032911310370683524,0.0034009735302871283,0.0025097071061547325,0.0033005591960003394,51456.82467556,69810.73213815689
2,4,22.683774656619878,0.38541880375064164,0.07794903700335531,0.12051791059158103,0.11821327064989195,0.11980164724757467,0.0010960883641668907,0.003410656912483136,-0.0035017039931840768,0.0033903866595937334,56292.07298231125,69799.03176498413
2,5,22.70338051494622,0.4184757828458479,-0.22745106552627048,0.1299688848278026,-0.19396411088639853,0.12284977394240192,0.0012048794485998455,0.0036781194867199713,-0.004740848802243165,0.003476648646138356,56344.11211371422,69807.17839336395
2,6,22.69781346679261,0.4495245157210491,-0.10183060464831062,0.13073304903893576,-0.18076767539865057,0.13545748513832095,-0.0007632165164703186,0.003699745334166046,0.004138481266041258,0.0038334468774541604,55367.825954675674,69818.66561150551
2,7,22.702473469799354,0.47856341015102266,-0.11746948190716111,0.12369785347463218,-0.06871912875371433,0.13239731705860822,0.002831673642749551,0.0035006492972012417,-0.00028799714029613226,0.0037468441197130086,56071.94512176514,69803.54629278183
2,8,22.730798953274387,0.5068228311948202,0.20411701186591413,0.13235871072818325,-0.13720000299159751,0.13096226895359656,0.00010931730094103798,0.0037457515605482912,0.004772628231065236,0.003706232257832242,56304.62502408028,69803.91135954857
2,9,22.69175962887652,0.5343407158845364,0.07819027702908876,0.13531328458817246,0.08435172028179139,0.1340673838150548,0.006371043395833076,0.003829366001833817,1.6774595837876216e-05,0.0037941070095127314,56692.706644296646,69815.40490245819
2,10,22.709713482748906,0.5613455693360141,-0.22579987202921326,0.13713670075769419,-0.0756470654382786,0.13667747639171543,-0.004747961156415199,0.0038809686800779534,-0.0019034108270913515,0.0038679726303578912,58337.83643305302,69807.09466791153
2,11,22.683132128133852,0.5887409468328517,-0.13599164882469694,0.144112553251838,0.033369943511073474,0.14541901865140414,0.0034133283682427863,0.004078385308136192,0.0022571951865115666,0.0041153582794072495,60509.22279536724,69801.11243700981
2,12,22.698706925046242,0.6160065240072821,0.1129475708120482,0.14314815782688017,-0.08140395809840628,0.13694320908699634,0.001222699822005823,0.004051092917267864,0.004390576244277149,0.0038754928657285794,57346.73696231842,69816.349138394
2,13,22.65903825917021,0.6446329462022867,0.20562087886297586,0.15252396725117953,0.2274500486918858,0.14302784158452778,-0.002401096058962022,0.004316428327300645,0.0005115145449299668,0.00404768796756662,61132.00292335451,69803.22169792652
2,14,22.679858554807993,0.6744188242982421,0.08926142501688772,0.14924156253533197,0.18868086025639008,0.14493671843503458,-0.003050314495731643,0.004223536272678061,0.005688423379962353,0.004101709183112944,59641.404717206955,69807.43562459946
2,15,22.674356014801166,0.7060203615449605,-0.09081913885809256,0.1514396665741099,-0.21737979099427363,0.14329943951021473,-0.000842522988903241,0.00428574261775503,-0.002489676607979753,0.004055374188959881,59781.933713054284,69812.97832286358
2,16,22.67846882083382,0.7393697656778413,0.2572800597238123,0.16341825052420028,0.1893925060486441,0.15137859959324393,-0.0017874809029493513,0.004624736547790762,-0.0033136429194686613,0.004284014422174869,60252.27442620322,69808.38134337962
2,17,22.697631336776418,0.7763698321109735,0.3612128547494349,0.1460783870863974,0.35451036145453285,0.1526041956042693,-0.000325319317351814,0.004134018406351399,-0.0030673281617377805,0.004318698789721542,61032.38606444001,69804.27978445217
2,18,22.67213622804589,0.8179132076124959,0.5006252791643027,0.18264369817633835,0.20599049758616017,0.15831787652898027,0.010678196863251496,0.005168816723164532,-0.005761876214238196,0.004480395961917203,60267.17443331331,69808.25158258155
2,19,22.677236655033223,0.868716617577038,0.5100411158788933,0.16875271734580075,0.29787498411762714,0.1644830883257937,0.008112917541428179,0.004775701960733911,0.0022791151411654803,0.0046548714579535,60387.43255771883,69809.54332884401
3,0,26.515598433897857,0.17755457076645725,0.054618027319371265,0.09224767028108423,-0.1013736796720297,0.10038155745952244,0.0016995823782448,0.0026106091016701023,-0.0001708843598488101,0.002840798111704569,63116.858850479126,69782.96833133698
3,1,26.455570447023216,0.25124288146218715,-0.04142785920289893,0.10135795244028505,-0.20550703832212402,0.10207697684057372,-0.004859443785820779,0.002868430090006426,0.0028945087654293216,0.0028887784807895955,60989.93338108063,69777.93113899231
3,2,26.444731378999304,0.2988229739968807,-0.1763490717195909,0.1164567389914194,0.17273453420614437,0.10884274993442081,-0.004509911629782334,0.0032957257547582756,0.003729175831642253,0.0030802498617449317,59834.56894207001,69780.52245044708
3,3,26.42907835246316,0.3378112069896924,-0.1207779688107109,0.1151179830049716,0.12609235785772444,0.11852215503759538,0.007578008439507997,0.0032578389598670156,0.0022229385529346467,0.00335417702959755,57449.22639131546,69771.24002361298
3,4,26.464310970553097,0.37296460709774015,-0.13217361688890272,0.12392962957769696,-0.04249432669277442,0.1287986621330571,0.0034453529135173343,0.003507208561000172,0.0015374550391271894,0.003645002184043655,58135.0500125885,69780.25289154053
3,5,26.445509803085283,0.4056210719713719,-0.02089763430899283,0.1207776982971527,-0.057218120490677205,0.12599190474368868,0.002282321590700042,0.003418008904642946,0.004666761609323569,0.0035655709489291225,56639.140521764755,69781.06018972397
3,6,26.4453346777156,0.436547759854197,-0.18234902724610136,0.13030471674826127,0.04416036549246738,0.1356801542048511,0.007682052954020704,0.003687623530188056,-0.004141061440892938,0.0038397484121159326,59490.73644518852,69777.04674863815
3,7,26.429362774991812,0.46661816577501225,-0.008354656467302601,0.13257047646967152,-0.14627248100239654,0.14041871689726798,-0.005366945136210976,0.0037517445311075095,-0.005109517271236097,0.003973849737991849,60730.23848438263,69775.84446954727
3,8,26.425770314326073,0.4956825037952622,0.05626498000319069,0.13558603048280235,-0.011084243753987977,0.12797132465520078,-0.002246280602276986,0.0038370847107485717,-0.00099837638318942,0.0036215885331269096,62839.43111848831,69780.43735599518
3,9,26.44488494209644,0.5240975286774054,-0.07490997089207985,0.13812937285884114,-0.15613840056373274,0.1382358986940178,0.0007413859728777879,0.003909061300892459,-0.0008822953517538777,0.003912075982065738,61451.301768898964,69789.29237961769
3,10,26.419349499241022,0.5520744496684042,-0.09043027803254555,0.13568182703370485,0.11817477114161301,0.13362546390212496,-0.0030884614227407827,0.003839795753173087,0.007909028099486818,0.003781600675820092,60936.9094786644,69774.38761162758
3,11,26.434194280206093,0.5795743200374817,-0.11564030431412164,0.14005110930040354,-0.0931611165523436,0.1434206316587637,-0.002285497904212212,0.003963446442870214,0.0043313795730086785,0.004058803926806802,63927.74084544182,69780.36031532288
3,12,26.43989347895936,0.607261787640252,0.10849020384655605,0.15008969813503242,-0.01995931064882439,0.14541812154282627,0.00480264575627359,0.004247538510450376,0.0005422402186998285,0.004115332891234176,64234.78265094757,69773.21137571335
3,13,26.4269775071134,0.6355320560813478,0.040887794182106196,0.14425162477540543,-0.27862707145606636,0.14367933512308093,-0.005276086511968616,0.004082321032302472,0.007285041506856526,0.004066125234938728,64544.645240306854,69788.74291402102
3,14,26.42000869449955,0.664652830422687,-0.10163826749939886,0.14252738374066126,-0.07994483098546423,0.13888050491009757,-0.002180540073479369,0.0040335250104077125,0.006057825006809665,0.0039303183382094035,63907.11199808121,69777.22574949265
3,15,26.449514451931066,0.6954453809601453,0.2386439063833472,0.1531655855835173,0.04951647972883455,0.14581368101638983,0.003948413949725606,0.004334586126333351,-0.007239984619619831,0.004126527224476309,62669.094610750675,69773.11855602264
3,16,26.44975039388537,0.728915336350495,0.052735927054256004,0.14270496268196378,-0.22347136837004022,0.1360840897322268,0.0029773295941043216,0.004038550494509553,-0.0009586534281766177,0.0038511797876839195,64955.69157332182,69780.19924890995
3,17,26.43644086046158,0.7666298033952147,0.07491908218218146,0.1501964936256818,0.1817040758773747,0.15573559828759764,-0.009105705003388923,0.004250560822873626,0.0037792958535626964,0.004407317486770275,66000.5751901567,69778.62575674057
3,18,26.435949950216695,0.8102489172577908,0.24149371483701154,0.1566761947592041,0.29003168907327304,0.15115894286200515,0.002648766445176654,0.00443393636725032,0.0011413009734317393,0.00427779813660291,63544.14840293676,69787.65309265256
3,19,26.407485776096944,0.8652419818917257,0.5640642438043755,0.15989918049579965,0.4331602225848403,0.16702501926729554,0.007765278608400494,0.004525146864738998,0.0019192015621909767,0.004726808104499492,64562.39061134495,69774.41003977321
4,0,30.278222711049,0.16427115992580998,-0.09761014094344056,0.089986381857357,0.03814863441323846,0.09346273704261918,0.0011839392027430103,0.0025466146384766617,-0.0009567730266779727,0.002644995491452461,58999.47637271881,69739.5889043808
4,1,30.28573217309617,0.23445352191262112,-0.18062142354497746,0.10783505427660282,-0.03956389002011362,0.1059057134683374,-0.002436275716057229,0.0030517320742713037,-0.003618732658757067,0.0029971317287131594,61743.16764163971,69729.4104385376
4,2,30.248490094631254,0.28197333215948045,0.004202654566588304,0.1085334856362503,-0.34114531582387864,0.09921708891305991,0.002089836803314012,0.003071497681997025,-2.506857457709906e-05,0.0028078436514267016,60827.52091503143,69743.46680545807
4,3,30.2237683545534,0.3212634907022306,0.01612490055195015,0.1296102924106855,0.14869436983949313,0.110315398643874,0.002870489157900752,0.0036679713211883853,-0.0012105496304375893,0.0031219258207447306,57642.537682533264,69739.74609470367
4,4,30.245051081911118,0.35674201097212677,0.00022672211510377238,0.11529356386343163,-0.23564150603416523,0.12507887104313806,0.0012410735548396387,0.0032628078982237054,0.004216916468862294,0.003539732094879731,61751.99511575699,69732.77926874161
4,5,30.23040671254201,0.3907622197174881,0.12334734796909541,0.12456863290163575,-0.1459506626506013,0.125451449964297,-0.007433030905955734,0.0035252923552942616,-0.0010700720990239644,0.0035502760784806653,64052.85085058212,69738.10375022888
4,6,30.218374777132382,0.4230544071230751,0.0602701671530268,0.12899900713255255,0.05910093479805911,0.13015525031203812,0.00014326803880824438,0.0036506719476004285,0.0003053890179034978,0.0036833936299899336,64426.11557483673,69729.74515914917
4,7,30.241393742213404,0.45395570375443867,-0.33074239771434333,0.1246415982031482,-0.14934698953672698,0.13045495233036278,0.007766680899377966,0.0035273572733529397,-0.003923426900845205,0.0036918751972148064,65866.07819032669,69734.72827100754
4,8,30.223739052627906,0.48409772032761517,0.08638202800366246,0.1336519285490141,-0.049038637327150525,0.13138705477287438,0.0021211279600418884,0.00378234962533644,0.00040325141428013134,0.003718253696668454,66393.89988803864,69736.61643838882
4,9,30.214678855608156,0.5133035979180293,-0.14688861389450913,0.1380254228799903,0.11411376771652204,0.14037785238871042,-0.0018003524056971181,0.0039061195164541134,0.005176133508565991,0.003972693272385173,64545.00891542435,69745.83795166016
4,10,30.23635980612634,0.5422349102086153,0.007395416313339842,0.1453414291424468,0.06464236119881805,0.1394816653465172,0.00027918621336494014,0.004113162496276239,0.0017616397815342043,0.0039473311787732775,65430.37582683563,69726.82891559601
4,11,30.263775194622855,0.5706325635854385,-0.014902725461380273,0.12999914882625413,-0.2510393669112161,0.13729190350708764,0.007396788648686593,0.003678975957886888,0.0024161176313697765,0.003885360917940835,67501.99485683441,69735.18745160103
4,12,30.21883356766276,0.5988222241844224,0.054670996550186146,0.13633397871972477,0.19009696876020743,0.14088804122707654,-0.005123518280932971,0.0038582516461187323,0.005490151843755812,0.003987131616691878,66510.63455986977,69745.18214392662
4,13,30.245867888506083,0.627062189022211,-0.14090283398244874,0.13833708541605264,0.13157812751097575,0.1461298822232922,-0.0018256051825476787,0.003914939566335209,0.007369483246641136,0.004135475718743785,65633.88843488693,69730.19725561142
4,14,30.24209169798365,0.6561994941644832,-0.1680164150854495,0.1361300634146653,-0.19783575051985047,0.1449250749080758,0.0025208019262980457,0.0038524808429132337,0.0017833090611587988,0.0041013796712958805,66137.78774189949,69741.0229446888
4,15,30.196430665350295,0.6868364079385029,-0.4134500886711633,0.1435327376165407,-0.05655485694813733,0.14260350428042867,0.009740012376890279,0.004061976525451649,-0.010087316228733993,0.004035679221710129,66774.27546048164,69736.28499472141
4,16,30.2169020980828,0.7206318914047827,-0.1221736525599264,0.13319807265081665,0.03286434286201434,0.1441323549117512,0.0026498050170216036,0.003769505503256495,-0.0002623962158738516,0.004078945695118758,69184.66224467754,69740.9292333126
4,17,30.217261141393113,0.7587525666296079,0.34424871179394323,0.13786010137563076,0.29910394605414625,0.14432284367530784,-0.0011321084637692877,0.0039014409178221073,0.002986865085823239,0.004084336527194968,69919.77280116081,69730.49298381805
4,18,30.187343839435062,0.8031931954565401,0.07490888536896945,0.14068703063777174,0.12426248658891037,0.14266994447862485,-0.0008057519601123555,0.003981443016943266,0.008515240342116042,0.004037559479342642,69000.71191327274,69735.40515328944
4,19,30.215034397043965,0.8615821686319451,0.4137508971566404,0.15818283838349384,0.35162451805961026,0.15884726690875126,0.004870022333511138,0.0044765743823520455,0.0019899664122122913,0.0044953777098524685,68362.77736387588,69737.36511932313
5,0,34.21234640424706,0.15726280897112854,-0.006516027464016139,0.09487944032728933,-0.08828730739747637,0.08575050365573773,-0.003539967896143836,0.0026850881949110556,0.003001029697912383,0.002426739283868592,62089.057472229004,69774.36135864258
5,1,34.22262530234371,0.22435256459666314,-0.07814531363551402,0.09401352391513272,-0.12937982735959042,0.10124899068456424,0.0017514426678651204,0.002660582760139929,0.0035518185308372496,0.002865346472280882,65251.28605270386,69778.84787750244
5,2,34.19270159111245,0.2700287082435719,0.026908489070965658,0.10372294712405683,0.026010669305192247,0.10443674964604123,0.0036714502952028827,0.002935359440395904,0.0016965493288417684,0.002955560052021211,64195.766364097595,69768.41695404053
5,3,34.173298494723426,0.3099519923720959,-0.1397299425159697,0.10868750536456909,-0.00639717812261642,0.11865213359636251,-0.0023185285062434016,0.0030758564403630725,-0.006015561753894744,0.003357855422856758,65890.03874492645,69775.46276187897
5,4,34.15155429518624,0.3465629898431201,0.07021552987158453,0.10823202726465996,-0.05746941714625331,0.1149434062013412,0.000721113425037312,0.0030629664099741088,-0.0017936395752104414,0.003252898436262365,66444.92795753479,69778.65783214569
5,5,34.15569224458825,0.3806068240545577,0.08287202098862068,0.11931581865728874,0.1751654661021691,0.11497968199755165,-0.002475753084375778,0.0033766377103163435,-0.0032250092651582296,0.0032539250413079843,63573.11874580383,69777.64340209961
5,6,34.155539955440524,0.41267041429869866,0.12331531913924088,0.12417641343286241,-0.015430913613756148,0.11762539663656355,-0.0058514201349844554,0.0035141925441888777,0.0011245331224637705,0.003328798766530317,66577.42404270172,69775.10785579681
5,7,34.195894784786304,0.44389107055937527,-0.2367790461020599,0.12160715026836243,-0.20449395036764095,0.12183454350956752,-0.0030202175829571283,0.0034414823957223447,0.0013460942175588294,0.0034479176245290916,66933.547747612,69768.98201560974
5,8,34.159242262710805,0.4742014671166487,0.0458957622195737,0.13262246276492382,0.05280815903321168,0.12922390424037414,0.0005165585558074128,0.003753215743281585,-0.011392441917419425,0.00365703653583154,67910.84082746506,69774.53422355652
5,9,34.136719115658536,0.5044469573823148,-0.25766608618202635,0.12965109051932885,-0.0906841894445145,0.13742652908308162,-0.0006440131012813346,0.0036691259076774615,-0.004686844911470558,0.003889170821789202,71729.30004692078,69781.33392810822
5,10,34.168860566355534,0.5346766724230425,-0.10509785746152156,0.1504046272918052,-0.07852681937372563,0.13748516527551924,0.010029649229592978,0.00425645100569873,0.010840398616922611,0.003890830226055986,71903.06931066513,69775.76410007477
5,11,34.168864326722684,0.5637286798508698,-0.2123765853316799,0.13044437836058623,0.1258922350410363,0.1328754187097784,0.004139771979076609,0.0036915759538663773,0.008710091308703998,0.0037603743966106817,70777.06157493591,69767.94202423096
5,12,34.17929231882361,0.592860014714164,0.0198312301825887,0.1364109462804443,0.05190787226871585,0.13405526583647528,0.003866225749548295,0.0038604298281143955,-1.802120279425709e-05,0.003793764070714633,74128.8177921772,69770.62536668777
5,13,34.15251752677831,0.623222995110286,0.028709156044416373,0.15624789338254194,0.05458132523435899,0.1506833725199155,0.0011403422079017678,0.004421815438138883,0.0036830003890393013,0.0042643394957531085,74208.96802639961,69781.44618654251
5,14,34.17343741938893,0.6538783855210342,-0.2754187827739111,0.14047389080800152,-0.05918111505903201,0.14131167182358892,0.0036223477727592773,0.003975411159685177,0.004206730483287489,0.003999120362723416,71395.80063152313,69768.55420231819
5,15,34.160395433561405,0.6853112969172541,0.12348972746649922,0.14739726532287858,0.026383344763076577,0.13811132998233827,-0.004015762016826746,0.004171342660911555,0.0010238288985778572,0.003908550687481032,73696.02104187012,69779.46643209457
5,16,34.16900190551244,0.719526830725728,0.10386954205527732,0.14583028473630352,0.005668314601490643,0.15134022796995517,0.0008817199815100653,0.0041269971097557525,0.0059953607644091834,0.0042829285052221845,71637.38300251961,69774.38883495331
5,17,34.18838789837973,0.7567788719689574,-0.07021794591026853,0.1416762940373525,0.2191368932522706,0.13412529153615824,0.006316557877231239,0.004009439171502237,0.008493932915895102,0.0037957457980404958,72616.39602065086,69779.36351430416
5,18,34.17490800359704,0.8018223333996042,0.029087127970170545,0.14982422481042584,0.2561850230669571,0.1523310572285765,-0.0006470209250254031,0.004240025615269861,-0.001990031508308815,0.004310968973592565,72261.96793043613,69774.23145186901
5,19,34.14879463446942,0.8599381222669698,0.18626726052426035,0.15132792241707654,0.1688023596118664,0.1558328029997337,0.0036446972432098816,0.004282580258071351,-0.0004245169342051956,0.004410068380158197,69565.77231633663,69773.32992093638
6,0,38.421455652860345,0.14872831971772976,-0.21374884759905222,0.09318508038936742,-0.014150658734399801,0.09358131467094984,-0.005014336705990898,0.0026371378080669665,0.0019261704443444216,0.0026483512383762733,61252.41888999939,69721.57110595703
6,1,38.389621925248555,0.21373018037840946,0.015583701555035745,0.09704488427087246,0.052592570202754985,0.10557286157729855,0.002410282194990892,0.0027463702592824316,-0.0030653572214819173,0.002987712020078716,64415.845088005066,69721.21942806244
6,2,38.37874615041144,0.2581349600845843,-0.01868977325930632,0.10750002869248577,-0.04213977876771635,0.11247594517013097,-0.001993030717622227,0.003042250850121978,0.0015987410369669042,0.0031830692882040346,65202.00793170929,69721.04644393921
6,3,38.38189666361454,0.2977371296803963,-0.0864013020189991,0.11023292875391626,-0.08941697654739356,0.10825694452198534,-0.0005593781780026225,0.0031195919228296782,-0.00011758370126780347,0.0030636715683652533,67545.47979927063,69720.95232391357
6,4,38.37994989245397,0.33516178324067536,0.003265077295738772,0.11661026265046046,0.09752637243332885,0.11664498505268424,-0.0005126612850522138,0.003300070474363585,0.007161504335150141,0.0033010531183588323,66447.04446411133,69716.22844982147
6,5,38.36539955078594,0.3701005637370557,0.16165188875984615,0.11635142050649132,-0.004435187940529772,0.11740961553511915,-0.0028598576542709035,0.003292745241597462,-0.003481632041853684,0.0033226921612829136,67617.19730567932,69722.42118644714
6,6,38.365645574527846,0.4029286986533152,0.06293987763847841,0.13248761431644804,0.027324607611771023,0.12822206346952644,-0.009464126452879494,0.003749399532141897,-0.0004421290440728993,0.003628684441661248,69278.55288600922,69722.41020584106
6,7,38.3538221583412,0.4350545600053441,-0.2779723123432378,0.12316598756596378,-0.050090627816056665,0.1295199116266549,-0.002835217982276896,0.0034855974917973034,0.0008573059283035838,0.0036654135449682664,71358.314868927,69722.37645435333
6,8,38.38117203079659,0.4665482593314532,-0.08283266340721651,0.12404953857528397,-0.11929905405673313,0.137418162197614,-0.003487697234024558,0.0035106019856744122,-0.0023923965414081507,0.0038889340389275033,73908.92576789856,69726.1112537384
6,9,38.341973901262236,0.49682069199277723,-0.04761137483689304,0.13091228351554798,-0.15843113457279245,0.13427081435363192,0.0005529123098818417,0.00370481766991774,0.006219622929326058,0.0037998640938266114,70857.70596170425,69711.41161394119
6,10,38.33077747975073,0.5263193227771032,-0.0026271621827200775,0.13133234046484482,-0.1364155390574716,0.13281481063987977,-0.0005489645309279289,0.003716705281731813,-0.003792962387097084,0.0037586591882110528,74200.84945440292,69721.01256275177
6,11,38.37138674618481,0.5559029031185104,0.16598095603589869,0.1408731449916044,-0.12407886992582695,0.1322254577823266,-0.001406473966502752,0.003986710053222732,0.00023854825220099782,0.003741980502133288,72355.62285852432,69719.65861558914
6,12,38.32405566146328,0.5855874452106423,-0.11517148419716161,0.13972017986179372,-0.03726065898790332,0.14037136438680534,-0.006442913609404759,0.00395408113964019,0.005287073901264634,0.003972509661928961,73222.02779483795,69719.50502252579
6,13,38.35400647369305,0.6162611087055082,0.3686485306313769,0.1369586939423634,-0.03325150645337882,0.1295756377072556,-0.0007881770269887547,0.0038759310871409624,0.007414740516447266,0.0036669905930690264,76112.60578966141,69725.85125017166
6,14,38.35824337291929,0.6473311515046981,-0.01572469138969468,0.1352912779104952,0.1543798248704522,0.13921459301272426,0.0010676742122324757,0.003828743212847746,-0.0030193100444141883,0.003939773031632222,74281.18547821045,69722.60487556458
6,15,38.34701577048052,0.6795667602821976,-0.11853025839948073,0.13031412812256782,-0.004322779055256687,0.1379928378275157,0.008726390578907624,0.0036878898720842674,-0.002482607891297334,0.0039051973594575267,77370.44659233093,69716.85942792892
6,16,38.356566395969566,0.7138345415252633,0.017186325630946353,0.1356457256562886,0.139450662495348,0.14042654889124226,-0.007213836050467854,0.003838774084179403,-0.004640524533088098,0.003974071383424099,75638.75844621658,69721.57250356674
6,17,38.35495911420222,0.7522083454359645,-0.08659956482307163,0.13842915090091396,-0.04021573925279487,0.14155742697061555,-0.0001055659801820609,0.0039175450195894366,0.0001861484160755357,0.0040060752334714275,75862.69923567772,69723.73993229866
6,18,38.325904126664895,0.7968928979859022,-0.1253452061209006,0.1434847971939408,0.06868462205137371,0.14709483838556628,-0.00514674979178097,0.004060619811475069,-0.0013569676596431445,0.004162783978478364,71781.16390967369,69726.17634916306
6,19,38.33537794637836,0.8567276026312406,0.18162852425733345,0.1473508787784322,0.0211752648301462,0.14978210707852244,-0.001123798329963688,0.004170029921687273,-0.0005389108204756649,0.004238833683442056,70906.77909783274,69716.36165386438
7,0,42.83335077483414,0.14422587352434843,-0.11984405298121126,0.09100818423592692,-0.1988862998021066,0.086629919240805,-0.0032026841235437364,0.0025755316461525675,0.0012712886202768641,0.0024516267452378776,64408.60134124756,69798.33534622192
7,1,42.82721473761623,0.20578562175889042,-0.09066662594150066,0.09664746468775821,0.005282937984666836,0.09596275140195357,0.005404163059701119,0.0027351232849393524,0.0012788415263911192,0.0027157458987082496,61016.44208049774,69788.88802814484
7,2,42.84174583064016,0.2470900697741592,-0.07454446564755979,0.11163246955222061,-0.10676677530108747,0.10577558595091181,-0.001576111194310944,0.003159198927918035,-0.0022879817227245674,0.002993449119923864,62034.39934062958,69789.29496765137
7,3,42.85001557341284,0.28318128677892346,-0.05697599989222968,0.11324951916199487,-0.04408159563692848,0.10259958090368805,0.00222209681929488,0.0032049614324481286,0.00072628351209106,0.0029035681759610687,62862.25749015808,69796.4242067337
7,4,42.86246958189305,0.31823337624693804,-0.03255028413492678,0.12088097412777138,0.010376589076621201,0.11924825829566262,0.003019030151957335,0.0034209316106860836,-0.002761656585263471,0.0033747257520583642,68571.83018875122,69789.76843738556
7,5,42.83621706097023,0.35190069738303703,0.011028156276633672,0.11489549527670682,0.01397489869423385,0.1153993587355421,0.0015986415551083038,0.0032515425570782196,0.0065895427173706025,0.0032658018931419498,69856.159324646,69797.60004520416
7,6,42.81880574425193,0.385601618018721,0.08107776057564764,0.1223753055935339,-0.06485831350384119,0.1304138362578532,0.0019717607524375467,0.0034632211916971224,0.0021820750716903103,0.0036907116123482044,72358.53044223785,69798.37927341461
7,7,42.77922491698819,0.4182262740230236,-0.211808973359777,0.1301016262149613,0.03019873242481186,0.12480835440624975,0.005789116309031577,0.0036818760680236377,-0.003628574640606284,0.003532076473959855,72923.83670520782,69788.1724023819
7,8,42.825375385118775,0.4491724491008897,-0.2844875080941991,0.13091767328370774,-0.16631044668759443,0.12528119223162595,0.0065610643450736,0.003704970200358571,-0.002946664360801904,0.0035454577845856912,72303.58222579956,69793.42339992523
7,9,42.77269770332246,0.4803127184669735,-0.2728067044919914,0.13634830909814075,-0.026685635532779473,0.13298935295856248,0.006196663577794212,0.0038586571958329897,0.006873373759279438,0.0037635987358916783,76727.85596847534,69800.41238498688
7,10,42.78490888162736,0.5114007154051298,0.027698597007235426,0.13056718400344916,-0.17954662628092333,0.1332238975469192,-0.007980466648607165,0.003695051353602952,0.0004682198241533278,0.0037702363478253524,78423.96388435364,69790.90720939636
7,11,42.75639225494289,0.5425829439563566,-0.0685291148850884,0.143032158740856,-0.4607139590513052,0.1355677083872537,-0.00391414327297785,0.0040478101430922436,0.008404052010608754,0.0038365661954380494,76422.51058578491,69801.01314735413
7,12,42.7776093483774,0.5736672566570399,-0.00585347888702481,0.1402817733669999,0.02618983657839702,0.14252672885521478,-0.0028415702338717044,0.003969974236036694,0.0012266360489887756,0.004033506477149347,78362.1714091301,69791.14633464813
7,13,42.80322793011462,0.6054324405743675,0.13058917633906186,0.14828608434239032,-0.031143098290586257,0.13241370464265428,-0.0032774026379290477,0.004196496239478957,0.0028439159147754123,0.0037473078883473224,77876.08809232712,69795.41709041595
7,14,42.764493360736886,0.6381426214844069,-0.028250157147913457,0.14153704488735763,-0.03462048379052163,0.13211185034985465,-0.00121713926759205,0.004005498420508,0.002733110715527476,0.0037387654117540434,78428.38801050186,69793.12847328186
7,15,42.841393058855516,0.6722026356188295,-0.09704097355768204,0.14713079820666336,0.014630672156515034,0.13773681542644278,-0.0007515616129709099,0.004163801641428164,-0.0042571710339358755,0.0038979519254163687,82109.8977022171,69785.99142169952
7,16,42.83084022062824,0.7080880904960007,0.07148775960534404,0.139314140026295,-0.3065290816519626,0.14298527490761495,0.005807118575596825,0.003942590212151578,0.001759044812313107,0.00404648333059489,79074.18549823761,69799.7292599678
7,17,42.80026953280739,0.7463180532133253,-0.07807167824315497,0.1441855494289207,-0.026335943996736333,0.13664844200800788,-0.0021093509762755347,0.004080451099973517,0.0023571306915110505,0.0038671509572886682,77179.07258939743,69799.38971495628
7,18,42.8366704711626,0.7910831180977813,0.09335982162479861,0.14301593728219997,-0.10398198618196064,0.13876264934702498,0.004242094790993743,0.004047351075806524,0.0015620422765185143,0.003926983025732655,76296.027790308,69791.66849470139
7,19,42.77363272427569,0.8535330598345964,0.10706367970725128,0.15101616661218192,0.16974058090131483,0.14328443784814607,0.0004179503421821368,0.004273757568682273,-0.0062610216742475,0.004054949641918023,77189.998958081,69792.18140560389
8,0,47.77352699831172,0.14074399979804095,0.0472671947293104,0.08651052397973943,-0.23199272266006787,0.08924553905031295,-0.000724650048140554,0.002448247859307378,0.0009725380491017119,0.0025256487867745766,67349.87068271637,69756.31101322174
8,1,47.70472711829587,0.19792144066268472,-0.018543301481982022,0.10062439464727241,-0.11038562583547928,0.09804221263359447,-0.0029901553142512214,0.002847670404204011,-0.00012159178660452186,0.0027745946523011623,61754.38832950592,69763.5205526352
8,2,47.73768517818687,0.2368352334927896,0.05795100754524807,0.09982431243776609,-0.10991560554169588,0.09598527295348047,1.4304368275717353e-05,0.002825028077391235,0.0021709615201813658,0.002716383258624449,58732.487897872925,69757.6787853241
8,3,47.75531210642745,0.27093368690418895,-0.12493553020125969,0.11011033229054065,0.018482768928429483,0.10835405698688926,0.0001535416725456152,0.003116122442872672,-0.0022027604164326572,0.0030664198511564772,62990.96511363983,69751.91431808472
8,4,47.73513831517255,0.3049143217825884,-0.10309948472970798,0.11745029907077563,0.01850565286745187,0.11162835948437282,0.0012332770106717214,0.0033238435053564203,0.004545706170481743,0.0031590826129964844,68364.9650554657,69757.68967151642
8,5,47.74711179360591,0.33754919671758843,0.09385562919984247,0.11533627840381395,0.2703091406110696,0.12232258301125416,-0.0016076128168626676,0.0032640167197316725,0.0007646579220666923,0.0034617291425999078,69133.44440841675,69750.03782749176
8,6,47.75918740939975,0.3694556277260134,0.011189817353544074,0.12384067718638281,0.09471589665720015,0.13328820361871882,-0.0001787419578613168,0.003504691208294437,0.004625570301675631,0.0037720562096800886,70936.34556293488,69771.77641868591
8,7,47.72157944895887,0.4005558253948617,0.2804757211587874,0.12298212956763344,-0.273952772160887,0.13545457088898857,0.0021645204412499707,0.0034803943103793485,0.004333783813208099,0.00383336440419702,74061.85354042053,69751.0951128006
8,8,47.703744083783896,0.4309209672383831,-0.1269580247968416,0.13230942208395022,-0.1882962106832209,0.1329655393968661,0.003191747512931141,0.0037443566918990167,0.0005996710745277602,0.0037629248120872255,73802.9552898407,69751.25415706635
8,9,47.67570925704069,0.46214241209721524,-0.054430500567175244,0.13283801018399286,0.08199176649854012,0.12765455018565772,-0.0025256103785936774,0.003759315735317685,-0.00022655012258335563,0.0036126238155264967,78881.40286636353,69762.49363231659
8,10,47.70643402045416,0.49392550072982705,-0.13814954339676244,0.13470108306524223,0.04210397612862948,0.1308559614008153,-0.0026036982994326195,0.003812040698517776,0.0007571778083207484,0.0037032237540508303,79259.43757915497,69757.28113746643
8,11,47.71137467843048,0.5261600498020892,-0.1713249401916217,0.13756941170163042,-0.2594603115130617,0.13635209649037033,0.00011519367223460737,0.0038932143999448063,0.00020282182210818941,0.0038587643790344286,80704.29685211182,69761.23158359528
8,12,47.69181305052967,0.5581221952357618,0.1277831826220197,0.13725938857251627,0.22986750124701083,0.13642427610796354,-0.0031614051729845615,0.003884440745280923,0.0036818864858012886,0.003860807062237913,84419.1882686615,69760.37223052979
8,13,47.6703972479677,0.5917020356271093,-0.32390031837638267,0.1334885030024137,0.024948953447309297,0.1378803658731323,0.002463197158142639,0.0037777246823096884,-0.0029624461213206086,0.0039020144031085913,82061.68996047974,69756.23498725891
8,14,47.71816069296054,0.6259709965378072,0.12325257726897254,0.13761884428079732,0.03707446612794829,0.132741856320925,0.0007246076163856853,0.003894613341952762,0.0046845667443267975,0.0037565945809587636,81013.4904127121,69749.19322776794
8,15,47.68545310214636,0.6610030959266675,0.035988751227660654,0.14162369862083846,-0.15326429359430938,0.1415396933929465,-0.009544183650429175,0.004007950721196238,0.0034579641352871313,0.004005573373217104,81140.65991067886,69759.91841363907
8,16,47.68289835268172,0.6972830969774189,-0.08671069150947197,0.13758235003227923,-0.09931385726219433,0.1329188538662094,0.00451915774354294,0.0038935805547067564,0.00024602531470932325,0.003761603611553086,85091.23236179352,69757.3158454895
8,17,47.67912249122349,0.7373305714483573,-0.31213531652533044,0.14228574850051537,0.21008411449932352,0.13536506125658399,-0.001891940585229961,0.004026686733025891,0.0010351649997807078,0.0038308312815682243,83856.41932582855,69759.50544023514
8,18,47.64932089334018,0.784779954617287,-0.22820972832174258,0.1399112814353538,-0.030829418603280923,0.13761838232518336,0.00026763580239558965,0.003959489314239719,-0.005606551282966617,0.0038946002686087236,83322.83085393906,69750.2126030922
8,19,47.637920418402956,0.8506770546346133,0.048138709239934574,0.14823550932886373,0.07068104757945615,0.13682993941383623,0.006109996143753805,0.004195064966578218,-0.0020970003196244032,0.0038722873339379796,76944.04987585545,69762.19787657261
9,0,53.18440162960416,0.1358368375438348,-0.03508316419191393,0.08263681329623201,-0.07537088230053501,0.08650713502918128,-0.0014908991427007084,0.0023386218455903173,-0.0017410224704559997,0.0024481519520053808,63859.625041007996,69767.58554553986
9,1,53.18580743920821,0.1896935103112147,-0.02399828540869542,0.09984630716166662,0.06733143063323821,0.09437985042648643,0.0010938025006863926,0.0028256505280854233,-0.002340828613383356,0.002670949800541157,60387.23809528351,69766.17490673065
9,2,53.1745045963284,0.2269197683898737,-0.010222278978616606,0.107959942373801,-0.181684384298074,0.10479507652320938,-0.0020352292089403402,0.0030552664074663086,0.002957367467558345,0.0029657007027721525,58188.3744802475,69781.57549571991
9,3,53.092939816325,0.2600832084168931,-0.04659907971297639,0.11158203498850242,0.09107365506305332,0.1093536736628438,0.00351410389035014,0.0031577716297469236,-0.0003839144997051878,0.0030947090034405033,61311.58767032623,69767.70408344269
9,4,53.140673791992185,0.29188961778183403,0.09637453651122008,0.11458938015290727,-0.016244077632661558,0.12944512137399888,-0.004595735500308002,0.00324287949896613,0.0016127656820791123,0.0036632969807915763,62464.02442741394,69771.62373447418
9,5,53.083112808005076,0.32226863716869963,-0.0762818340254755,0.12995285204864013,-0.0629184531466882,0.12428887567703685,-0.002154845311560665,0.003677665759063987,0.01188655648137658,0.003517375225738897,65086.9524974823,69763.03961372375
9,6,53.083548282868975,0.35252943180163365,0.2413889840323873,0.13397788004344358,-0.0895130943209912,0.12272270509245461,-0.006002114529539217,0.0037915740527443894,-0.003366053034432697,0.0034730525976397796,66661.90675067902,69775.57324886322
9,7,53.09927761207036,0.3828946033023163,-0.027637446000772448,0.1351488765778868,-0.11482907995045433,0.13203969977046423,-0.0002173992083357208,0.003824713255084427,0.0017414435940641335,0.0037367235503317055,72890.67459011078,69772.8137960434
9,8,53.04698528924611,0.4133315052650651,-0.08611584525526217,0.13299327038689152,-0.2748044765176705,0.13083129527782023,-0.004181644636184856,0.0037637095991147817,-0.00038489991657432443,0.0037025257027613187,75169.09436893463,69754.63960456848
9,9,53.06871686919047,0.4446106898197696,-0.028587682958044702,0.13889815558859087,0.017556313199858398,0.13867922860772733,0.002088779530250111,0.003930817852417028,-0.0034190610122424997,0.0039246222187809465,78348.95670700073,69774.45731163025
9,10,53.049228202383894,0.47692847439979763,-0.27024174602587303,0.12812460248124766,0.15978629891916496,0.13359963603104177,-0.002872122745563518,0.0036259262956583973,-0.0012905750744606342,0.0037808697470592795,84773.5282421112,69773.28878116608
9,11,53.101798969020265,0.5095452798690165,0.14288032352508662,0.1404647686041315,0.0067597364384368586,0.1419165788476057,0.0003281806743326034,0.0039751530013124176,0.0004139144549639741,0.004016239231717616,78628.55787181854,69767.0455236435
9,12,53.07262820907212,0.5423534427014889,-0.20257400415882099,0.12975247544361293,0.0019522899539889949,0.13832921832736492,-0.002793578318762473,0.003671995101070653,0.00406886028938982,0.003914716927722559,81867.60197162628,69770.80003547668
9,13,53.05252706714806,0.5765955808768689,0.2879959744062506,0.1356606500069051,0.06693460915523053,0.14422483913202425,-0.0017807677260340696,0.0038391964433071453,-0.006095592224034092,0.004081562998585286,85994.43038845062,69769.41233921051
9,14,53.09088086994944,0.6123623991861522,-0.0353364792963603,0.13624176276428332,0.09869948256574856,0.13819568403659768,-0.003321102210778106,0.0038556419345470347,0.006432868841686274,0.003910937907246487,84751.05208683014,69771.5085401535
9,15,53.10793944922935,0.6491556659620629,-0.00514291824119173,0.14166587528316452,-0.08146018716418779,0.1350624123986426,-0.005065363918755672,0.004009144320755025,0.003985815932632359,0.0038222663187811516,84938.37781524658,69762.31926822662
9,16,53.06665306594824,0.6884188078043818,0.22794405455300404,0.13169008909329538,-0.24036985294948376,0.1523300452562905,0.0033578688880490795,0.0037268295680438395,-0.0058652489369089705,0.004310940334776512,86085.26211071014,69774.4339632988
9,17,53.02646041593791,0.7304237654087502,-0.4194321670004937,0.1344198210672602,0.2099718104692403,0.13621272018716102,0.004911161391664878,0.003804080983875137,0.00258966148096218,0.003854820029604173,87382.80044555664,69769.9095492363
9,18,53.006938818289804,0.7788664073139049,0.055409065518120304,0.13438310298619852,-0.06191325699261352,0.13464169021851127,0.002582584856730645,0.0038030418621680696,0.003978237324253318,0.0038103598809342263,85026.76772260666,69772.01658058167
9,19,53.04064536263735,0.8461095127565362,0.04399613927901491,0.13752352540358231,-0.025030294387293428,0.1319783895138047,-0.0018828604674796948,0.003891915817693772,-0.00018862005319932387,0.0037349884700464946,79676.4503787756,69770.41193437576
10,0,59.10811113689879,0.13248500239688277,-0.02450543586721876,0.0818104531338308,-0.0008137473206547563,0.08815627814385239,-0.0007066369910499806,0.0023152358527012942,-0.0007813990104935542,0.0024948227027354383,66312.35303592682,69748.73140907288
10,1,59.07307988906616,0.1831551117265383,0.07084782707133264,0.09153820538363658,0.04991336978265326,0.09460389919481131,-0.001589082703509538,0.0025905312448207215,-0.0023264750385617434,0.0026772903807642085,56368.65153121948,69740.3703546524
10,2,59.11268571190152,0.21777172653537302,-0.061384163384020196,0.10511119179223113,-0.14122937986052886,0.11205882461156641,-0.003356263817434177,0.0029746467649975775,0.0005471947826434457,0.0031712647762487277,59154.86693763733,69737.74107074738
10,3,59.12713780907178,0.24979758979032704,-0.1038931224783024,0.10023282258732327,0.05771097093380129,0.12098039047917925,-0.000694010475643022,0.002836588914768582,-0.0005005418498290927,0.003423745093466182,59201.54790019989,69745.82227802277
10,4,59.10267525645433,0.27983948048400187,-0.08846177193992466,0.11613886889985611,-0.033945613251599505,0.1259772449959527,0.004718381229296242,0.003286730031054305,-0.0024283816372041135,0.0035651560780629943,59097.66279792786,69733.16985225677
10,5,59.0385318084911,0.30901448753813937,-0.08295242855331009,0.12268679949723503,-0.04939756877213752,0.12394878079567408,0.00045627631881408107,0.0034720364692823365,0.0023791748627016353,0.003507750540475719,64170.39970493317,69749.51683044434
10,6,59.01524782344354,0.33824331628288806,0.06657886659375256,0.12829489773111002,-0.05799811469001981,0.12338327225070157,0.002653926629088448,0.0036307456512898956,0.005874276649239998,0.0034917466484524415,66240.94735240936,69743.06027412415
10,7,59.09381628923671,0.36785042382349725,-0.11584810574169335,0.1334569149622132,-0.24013309610113254,0.1337911406945048,0.001422947393617249,0.0037768307407608135,0.0075105711961508765,0.0037862893291031974,69032.12728500366,69733.91813850403
10,8,59.104292664070485,0.3969761321673018,-0.23942029035632817,0.1329165686752642,0.05012139363815438,0.13721568481938484,-0.0015867844353357127,0.0037615389406485257,-0.006566962979776754,0.00388320392905181,70613.1016664505,69750.93986415863
10,9,59.02984052272161,0.4265314202385815,-0.22465465337575385,0.14376561106989288,0.02468007547355544,0.13041239058108348,-0.0034653533181500267,0.004068566844264102,0.004237499951119538,0.003690670699695106,74522.99418926239,69740.04386138916
10,10,59.01990493920669,0.45697684380122583,0.39775037035113003,0.14481665197523605,-0.0053630456511774005,0.1443304339055115,-0.0001751392784686374,0.00409831130225806,-0.00216610643709084,0.004084551330712423,77556.06120300293,69731.32601642609
10,11,59.108912729429775,0.4891874286664749,0.012914914223719487,0.14529192549461786,-0.06975724106897019,0.1392082018296361,-0.005702793634770288,0.0041117615430251225,0.002326214389102849,0.003939592161148561,83454.90838623047,69754.31163406372
10,12,59.06815088570934,0.5233280927610717,-0.12066643358122686,0.13912423415727596,0.08433155040831974,0.13776848465354335,0.0016996946600533374,0.003937215875990992,-0.0006596978729256804,0.003898848164554548,83883.32322406769,69738.43186759949
10,13,59.03204957264408,0.5589132330717203,-0.16403753913775132,0.14893705787678482,0.05250916417514451,0.14610857133659536,0.0031225793817042016,0.004214918790733184,-0.005773928746797673,0.004134872620642703,86923.30365467072,69741.28902339935
10,14,58.960381769603664,0.5959189373223848,-0.1697340440727395,0.13993590867872246,0.10606490135725455,0.14240199512525623,0.005966698232246288,0.003960186265235784,-0.004586030832342878,0.004029976512547278,88658.51209259033,69742.73543071747
10,15,58.923926377442314,0.6353913444237348,-0.022137409235141847,0.14978182133048865,-0.16225105663516248,0.13972416881530908,-0.007865817373948685,0.004238825596772596,0.0061174744414893446,0.003954194027026095,87597.92966651917,69739.65648269653
10,16,58.97047891504588,0.6767948281516046,0.008344879160196772,0.13376409517746335,-0.0687941109436161,0.13357258637033903,-0.005007118359963062,0.003785523940961332,-0.004357597976239708,0.003780104241651797,86448.35338306427,69735.05462121964
10,17,58.949290579651,0.7213872739049669,-0.21094492268208764,0.13140631643540732,0.07854503559696502,0.12322981163891775,-0.007663797162692032,0.003718798801724969,0.0006055283354186106,0.003487403713084534,89234.67842960358,69744.49179792404
10,18,58.94256414882843,0.7731274201284526,-0.24644935313513083,0.13225876535227973,0.039292902698318866,0.13170822192151627,0.009302016502886827,0.0037429231063747757,-0.001519114491040639,0.0037273427270889206,86734.37336158752,69741.53736639023
10,19,58.954185813751366,0.8433794641478011,0.2653814579089746,0.1410768588916731,-0.013437042560930035,0.1242514503295307,0.007256508247307092,0.003992475156666922,0.001377251014595779,0.0035163160883912013,78814.52577590942,69746.59755337238
11,0,65.93192686493396,0.12563248926900547,-0.07408535721232068,0.08260094254949546,-0.14114152206361286,0.08030188859539764,0.0028959897836058025,0.0023376067034449497,0.0027135036720310093,0.0022725434757286276,62609.043065071106,69737.69525432587
11,1,65.89088250867323,0.17328660003993995,-0.11317467700800599,0.09498648809003658,0.03652256499715589,0.08932876892290906,0.0008053246344948161,0.002688117646634769,-7.38628086866186e-05,0.002528004192198562,56526.69745635986,69728.70801925659
11,2,65.8630467083874,0.20622997613871133,0.07382522866301278,0.09948279112556646,0.03837521489649243,0.10638375532381547,-0.004149186660968148,0.0028153630241348703,0.000704638639679513,0.003010660313392727,53361.657581329346,69723.94247531891
11,3,65.81733172688288,0.23519235421310988,-0.16684468310828793,0.10463415752883168,-0.1031280416415793,0.11478833050905633,-0.007144336800705118,0.002961146695174192,-0.0010356541435438509,0.003248509794115704,56007.33716392517,69726.28072547913
11,4,65.7865206699077,0.2643536251491655,-0.14183483948148945,0.11686921852461218,-0.12898666355206978,0.11964314668189216,-0.0011143943897986832,0.003307398925693916,-0.0065707170805377,0.003385901093528708,62286.26149845123,69732.14458465576
11,5,65.7800723518361,0.29315835345732555,0.12134453096595421,0.12955656047054256,0.07893059431507643,0.12079462991329873,0.006067048561000241,0.0036664507072632834,-0.00022835217806070791,0.003418488069385883,63784.72560977936,69746.32288742065
11,6,65.78362472223738,0.32163187607711574,-0.04859782274706803,0.13331814145452084,-0.08795927063937059,0.11899960669914549,0.0010870127482411273,0.0037729034504439046,0.007445126441931765,0.003367688911788747,68244.40984344482,69711.23729133606
11,7,65.74421961996327,0.35091349141285444,-0.2323850491673507,0.12756260690022575,0.21875242954942076,0.13347912760329675,-0.0008210815750647809,0.0036100218205161664,-0.004951212716349824,0.0037774593585113542,72538.8313293457,69735.00682640076
11,8,65.7778388684304,0.38070264288940936,0.06287668868466989,0.13219645133792027,0.0778421250902337,0.13564225577659267,-0.0020252454058429636,0.003741159619746305,-0.0002908228540397552,0.0038386758865827796,74840.11026382446,69733.33963012695
11,9,65.78789831433836,0.410815962645578,0.18760922077044073,0.1332002508382166,0.0183248534220386,0.1297865071404797,-0.005200096602763297,0.003769567145960682,0.006561665092341941,0.0036729581981040527,78041.86642360687,69717.82860851288
11,10,65.68221603996061,0.4421138216262863,-0.14712576328835514,0.13991081289106685,-0.26361664470713553,0.1368655023879128,0.0019184444059794723,0.0039594760544362315,0.0008072697391925156,0.0038732937661169592,79649.32939052582,69743.1697216034
11,11,65.725931798828,0.4740070790813372,-0.010879628312655543,0.1399577220289603,0.07432938433930336,0.13584968307804954,-0.011104143173969615,0.003960803583055252,-0.0061376621719614255,0.003844546079287573,81585.65485668182,69725.02589607239
11,12,65.84594753369932,0.5074859598679511,0.2427403840856699,0.14121083901544593,-0.16389534806826278,0.13443391036592073,-0.0024934332516885903,0.003996266794217212,-0.004779259365264479,0.0038044797110322257,86045.55341148376,69721.37588691711
11,13,65.7909687204852,0.5429499084939117,-0.29355959812990584,0.140095753561516,-0.026851995340580137,0.15183040642056783,0.003373758725775611,0.00396470987547553,-0.004762687776926613,0.004296800555548365,89045.9959936142,69734.54168319702
11,14,65.77661227554616,0.5795560250878028,0.06783418037050981,0.15077942098242614,0.021091242065715443,0.1381319805932956,0.007646491440986818,0.004267057667276228,-0.0024202777237039516,0.003909135099778446,87445.7750787735,69727.3043756485
11,15,65.75462069964377,0.6187500362618753,0.053900191884237225,0.14233151561812774,0.14055843375296018,0.14172727898499113,0.004556550105736099,0.004027981942470551,0.000960769213348936,0.004010882045538495,90035.52423095703,69732.72982788086
11,16,65.79836418572056,0.6608451811699185,0.032458961755637006,0.13948737794849253,0.05003416709373032,0.1321486869134859,-0.004244882540179131,0.003947492845411207,-2.9913654114510207e-05,0.00373980788651787,85470.63054656982,69740.03747749329
11,17,65.7774694708333,0.7064479800356899,-0.017261189299213164,0.1342864055295836,-0.03348095144603591,0.13140120804455932,0.001991062499128075,0.0038003053241115717,0.007652671202491272,0.003718654234262157,90344.84147882462,69720.30031347275
11,18,65.68849399199563,0.7611031471392017,0.008744052454673579,0.12305516180343655,-0.06757640076678717,0.13055758985948246,0.0063743819426368776,0.0034824611226784764,-0.005864350603312047,0.0036947798393252964,85209.90000629425,69725.33204507828
11,19,65.70612115451527,0.8343468422371534,-0.1813272013304712,0.12851356091064714,-0.20884469210774625,0.12313567471513584,0.005873461246281711,0.0036369338193483454,0.003996495851915584,0.003484739638108124,85331.46279072762,69737.13378596306
12,0,73.94130404620883,0.12245071575850777,-0.20056045771765763,0.08360454293213687,-0.1316943244369868,0.08004168610135853,-0.002058730692822206,0.0023660085946296283,-0.001679164294789957,0.0022651797450550406,65284.631856918335,69796.14713382721
12,1,74.07601283217579,0.16507453337603062,0.020771066749465827,0.09737070762953937,-0.0925348379437092,0.09096045242900624,-0.0022380430798614407,0.002755591060448256,0.0005738615677703732,0.002574180835999787,54452.4755191803,69798.62100410461
12,2,73.98167369133073,0.19423064817504493,-0.119293641830164,0.10492463198672354,-0.01517251436091982,0.1093407125999584,-0.00784651251500083,0.002969367122435549,0.004802806669968702,0.003094342205356247,52383.3241815567,69799.3681974411
12,3,73.84001189775478,0.22152496135936486,0.13106291477656962,0.10535816344631056,0.07193893424000786,0.11112376886391967,0.0008290170609040991,0.0029816360628956134,-0.000585538360726584,0.003144802698258708,58239.63889312744,69794.15275001526
12,4,73.76398507181648,0.24857166129891148,-0.003593827874575739,0.10903796933454206,-0.12424983273528534,0.11536156190565475,-0.001225172277549712,0.0030857745708375997,0.0034249295101408325,0.0032647322428427344,61749.80478191376,69797.04686927795
12,5,73.86162760105726,0.2755373260922416,0.03812407516482974,0.1199371372114139,-0.45307503857158826,0.11880917072648334,-0.0018226650925094539,0.003394221025618434,0.004893831264081906,0.003362299573694867,65676.20966815948,69799.97296905518
12,6,73.92880832234283,0.302056449636757,-0.12950156102169852,0.12969440104135566,-0.07672578762438365,0.12166908962149198,-0.004015285700266581,0.0036703515954661786,0.0027114182269304156,0.0034432352794378776,66692.74030399323,69785.47257900238
12,7,73.94154370110047,0.32959527564319296,0.009737549679461832,0.1246300602543706,0.23220616774800118,0.13570495157749657,0.0021683571704579916,0.0035270307493984435,-0.0034990319411775384,0.003840450177770595,74174.15653800964,69806.31298446655
12,8,73.88277975897563,0.3591111818884021,-0.15700314117037206,0.1290182249104236,-0.35779033182202524,0.13736626752557393,-0.004331841387458565,0.003651215810720995,-0.00029183987524876616,0.003887465419690363,82437.59294700623,69796.68191051483
12,9,73.7556903287441,0.38949860700490685,-0.24399278918193523,0.13307870559821466,-0.13901317330873475,0.13387939414944663,0.002449045116455744,0.0037661274156255216,0.000548327630960771,0.0037887869019093503,82070.18015670776,69792.36061573029
12,10,73.80617481701199,0.42096272037291077,0.0011600169176535502,0.14007841059190884,-0.15960258374670344,0.14145692973225424,-0.0025037497531985053,0.0039642190694294975,-0.0006330368728413929,0.004003231161590161,87673.30062294006,69792.48088645935
12,11,73.88453348145661,0.4545419725444795,-0.18035622704570642,0.1465841238415451,0.14400414114606241,0.1375953493435785,0.0013287282777063186,0.004148330756701438,0.0018185234620702213,0.003893948435221136,92864.91591453552,69805.95822143555
12,12,73.82697679575844,0.48957588988379735,-0.3021007774896489,0.1461067853670572,-0.09427203249025695,0.14705678659539972,-4.028128443027109e-05,0.004134822077704147,-0.0015731464540637858,0.004161707112803155,95693.9669380188,69783.59534740448
12,13,73.82470559506837,0.5263394418594235,0.12540661937014663,0.13499122062977417,-0.1311456470985759,0.14565318336880365,-0.003444466348448892,0.003820251591696927,0.005013186538075948,0.004121985140992697,93495.81995391846,69798.3773984909
12,14,73.75269898913426,0.5643691954076036,0.055614707475049485,0.14373200411085243,0.13444412503847936,0.1358063540703729,-0.0028463756696155587,0.004067615767311341,0.0017671705657277964,0.0038433198683549543,91396.21450996399,69807.39273834229
12,15,73.79683189153972,0.6039517378141572,0.13183802839294345,0.12993486904564078,-0.22176138461162864,0.14324864923629022,-0.003893072476617276,0.003677156840072725,-0.004151903128444774,0.004053936824189805,97353.03835964203,69790.3668832779
12,16,73.76568184526656,0.647424867960185,-0.20031272705775582,0.13257443228702745,0.06301594838365032,0.13237278107129954,0.0008952158703568818,0.0037518564807400884,-0.012010043173652318,0.0037461497512634723,92901.93195915222,69797.16461849213
12,17,73.70557301831357,0.6975872317441211,-0.12811669833924866,0.12948889317026027,-0.19811175229217604,0.13775950217119837,0.0009304691350131697,0.003664535722641294,-0.005415983319364258,0.003898593960300993,96165.60630226135,69791.38922548294
12,18,73.74267455153982,0.7557696571622775,-0.1496455824980698,0.1312821323927441,0.05331777501467361,0.13313328906898836,0.002243832510839372,0.003715284393273554,0.006767293143064403,0.003767672127867776,86435.7817606926,69802.79307317734
12,19,73.77703047009986,0.8329379544462882,0.07232519056081621,0.12915639586691177,0.08969226499350569,0.13224439106344257,0.00403275623036217,0.0036551260488386123,0.00295912750694329,0.0037425163139955847,83449.66032677889,69795.17376852036
13,0,83.70270965715281,0.11726597539701844,0.04935554749644888,0.08582575946294323,0.01584423400571966,0.07807043356755737,0.002023723175443677,0.002428869023239195,-0.002559022625926447,0.002209393297649367,64664.13493824005,69749.80672264099
13,1,83.62712280993935,0.15718751846464915,-0.029849721281337893,0.09133809056003223,-0.13604719090008255,0.0916691807938218,-0.0030810163538919303,0.0025848679952417512,-0.00010169511537845045,0.0025942378489754165,49978.175028800964,69763.73289299011
13,2,83.5641493300987,0.18506350568607968,0.028475176242670264,0.09710270164584878,-0.043662166307445904,0.10188447380039,-0.0034924299423203,0.0027480064910147648,2.633808899051536e-05,0.0028833306446841254,53102.64731121063,69747.94965267181
13,3,83.41773183244375,0.21062680271983095,-0.06638103284403962,0.10990623694121983,-0.015701746478349432,0.11054969094165952,-0.002597251399012265,0.0031103465444145086,0.001607034206607811,0.0031285562928551527,54350.22608566284,69752.69357013702
13,4,83.60790070793983,0.23526987862273085,0.1820283681727375,0.10647176316743391,0.08640051826878636,0.12065373543765007,-0.0014073617530939416,0.0030131509353983374,0.0012933757160921572,0.003414500755675056,57422.31018447876,69758.89141464233
13,5,83.52239583789222,0.26033371468526806,0.033387818086946464,0.11158119109274525,-0.003777115411943921,0.11960238356637741,-0.004270019928668067,0.0031577477474966967,-0.0028658391424851437,0.0033847474973451833,63386.12854766846,69746.65101242065
13,6,83.4878279698337,0.28529190451870107,-0.2104447680891287,0.11731123027161797,0.05788082724119192,0.1199951212661945,0.0015095912155288238,0.0033199078582909366,0.002047629388700102,0.0033958619743892876,66401.21897315979,69749.68212795258
13,7,83.48675406081209,0.31127980096767116,-0.12794266291578915,0.1243352846203826,0.02875981141916073,0.12073399919700127,-0.0017871281994798942,0.003518688598852043,-0.004534773500783721,0.003416772220093164,71640.75721740723,69761.88506507874
13,8,83.51346455599129,0.338016517203828,0.04349301045245024,0.12613788800989478,0.3393233373717768,0.11562589193974708,0.0006814815349741685,0.003569702275414525,0.0002971196175996539,0.003272212782901293,74390.13618278503,69753.39604377747
13,9,83.436459337419,0.3664951980868156,0.04280487925621701,0.12893807321880135,-0.11836505730400881,0.11793806385949761,-0.005153530778218928,0.0036489475178196596,0.0013932739910536781,0.003337647249050235,81447.3016614914,69742.05400085449
13,10,83.48824545677715,0.39756658951566287,0.0729141702019882,0.13709250566579165,-0.015801257315174455,0.13301884235985487,0.003922249822310205,0.0038797179589614363,-0.001935865671627535,0.003764433285958711,86997.49804782867,69752.7011680603
13,11,83.53271210565345,0.43019711138004463,0.04482879550809793,0.14246154152309232,0.12060611121262332,0.13896756610186184,-0.0011225358984135762,0.004031661675627163,0.002976242907517808,0.003932782169967208,89433.47125339508,69761.45012283325
13,12,83.37843179111286,0.4655366555228438,0.02725722148938603,0.13338564222282184,-0.09436137430882119,0.12849647014265264,-0.004977310319768275,0.003774813722210765,-0.00402105815916463,0.0036364501506080406,98518.24950504303,69745.23300075531
13,13,83.3048665227723,0.5032959156075548,0.16876985423575475,0.14677671678676582,-0.1126748248097017,0.14145510893418842,-0.0025876999174934273,0.00415378113711949,-0.0009857847644609181,0.004003179633004253,96392.53281402588,69757.5872373581
13,14,83.35796887828899,0.5434214404725705,-0.2942891682811266,0.1380723124997605,0.0009411431307959628,0.1386517017081025,-0.0005874813166696546,0.003907446492710243,0.0006861246120619755,0.003923843207511799,95974.28335285187,69758.30571174622
13,15,83.28057303858847,0.5848416194473869,-0.08828193511985094,0.13276236373846673,-0.020637947792495948,0.13320863203611683,-0.006758529138516484,0.003757174940882468,0.0035446516274163127,0.0037698043338642343,92757.91187095642,69754.13603401184
13,16,83.26161622687927,0.629136768326551,-0.07900075587673172,0.12038030479421354,-0.09933322004892853,0.12882784687109722,0.004818657174638265,0.003406762668368833,-0.0002110617723197854,0.0036458281121405423,91472.82620620728,69754.69967556
13,17,83.34685421610872,0.6801293349004173,0.0015076543908267848,0.13541763743774443,0.1451815572642865,0.1375149520741838,0.0004168843895948481,0.003832319187513713,-0.0020630445371528135,0.003891673192468756,95175.32426738739,69752.89771270752
13,18,83.22246598261158,0.7426028411337858,0.01813769657937181,0.13011880551279664,-0.17729974558577632,0.1278847612680517,-0.00852249076231789,0.0036823622421584727,0.002079353654637125,0.003619138789239889,89742.42382144928,69745.47851753235
13,19,83.31480415121945,0.8296308581190533,-0.031084933314139418,0.11770416895792776,-0.11179677612789862,0.12614568633327472,0.006383679930534047,0.0033310280232528608,-0.0040586357723255825,0.003569922967968945,82277.28972303867,69754.70484924316
14,0,95.26330605018379,0.11244779135137188,0.08106840912118174,0.08124470244189376,-0.06725088356121312,0.08823538849437185,-0.005599026669531916,0.0022992251079188373,0.001802885755177133,0.0024970615256831963,62034.985713005066,69766.16396903992
14,1,95.19184026144812,0.14901763007630522,-0.14814069870725433,0.08756950672916691,-0.03390685125907722,0.09389509928928443,0.0003137430358895613,0.002478217071491741,0.001559138380559191,0.002657231343186424,52022.66099071503,69774.44659042358
14,2,94.98553934985394,0.17495860593108098,0.08692577822565783,0.09802563916183417,-0.13413456227011333,0.10709402226893933,-0.002974610177163486,0.0027741256230444673,0.00368368085058836,0.0030307608681916258,51314.58780956268,69774.16079044342
14,3,94.89899366348227,0.1985806731330209,-0.039572734986494496,0.11266120834930272,0.04173845201475879,0.10313398564719256,-0.005693470548371697,0.0031883122362402973,-0.002955833921846269,0.0029186918303917746,53375.180665016174,69769.03492832184
14,4,94.96755608230424,0.2221762330689174,-0.020447852429761548,0.11335859381713026,0.1692747269123449,0.10839737697304139,-0.0012525194023071452,0.003208048245227145,0.0009419176574001174,0.0030676458067799444,60501.361919403076,69768.15072727203
14,5,94.94757903224347,0.2461830392510616,0.05654225020227743,0.11618689219780978,-0.09147438368873184,0.11626964868425631,-0.002681283807919703,0.003288089090403425,-0.0004598028287211946,0.0032904310989992098,61235.05401992798,69781.76005744934
14,6,94.92826830969177,0.27027072062320484,-0.16077320095373193,0.12418209747779782,-0.18077388511586345,0.11146520514793405,0.0018755934459138619,0.0035143534026625643,-0.0021982754492136485,0.0031544653452174067,66128.59605121613,69772.85290145874
14,7,94.93700321636345,0.2946611459507552,0.056910354632897286,0.1281398351157122,0.07252981004392378,0.12711252174044946,0.002709914283691658,0.0036263573792191454,0.0013562346360666642,0.003597284410334877,69096.36679935455,69763.62516784668
14,8,94.93781398304002,0.3203238781555618,-0.0012695619147462534,0.12351064611976266,0.08762582563293231,0.12894617198062044,-0.0033715489363931243,0.003495351328992042,-0.003970974319189908,0.003649176712782011,73180.73577404022,69771.41214847565
14,9,95.0034447450881,0.34703460616343035,-0.10784078347732251,0.12760974953180051,-0.09669727214587842,0.12794667133880797,-0.0052544947143346715,0.0036113559570064486,-0.0013611274709473126,0.003620890844264249,78422.3787317276,69783.83331394196
14,10,94.87965726688674,0.37560031726172377,0.02530234533796838,0.13204160811086943,0.12119050385495322,0.1376439848311837,-0.001007409783324214,0.0037367775563658502,-0.005440481650955269,0.0038953248195376113,82577.36721897125,69771.45636749268
14,11,94.77357352492463,0.40511753655542954,-0.15400808544718925,0.13373916251296233,-0.22914076292900099,0.12606623141945494,0.0048204528258952006,0.003784818346547113,0.0023661536350702735,0.0035676743938796674,83222.1242723465,69765.37642097473
14,12,94.8079739499138,0.43736859391330196,-0.12611850605084662,0.13878399067894306,0.019508049045756648,0.1355230142071421,-0.010246603716102646,0.003927586985433505,0.0012004398772118702,0.0038353013501250368,88749.99631977081,69773.88624763489
14,13,94.83407451439932,0.4738757959925721,-0.199932822882127,0.1358846139539369,-0.30936009933803343,0.13581003715966003,0.004478360997399374,0.0038455346230875736,-0.003197046957118206,0.0038434240997830883,95724.58743476868,69770.6077079773
14,14,94.95223768377085,0.5138498833325946,-0.07239100956280753,0.1305271818498766,-0.0877495291994359,0.14035350201755975,0.006555785033751865,0.0036939192926426644,0.0006291197661755988,0.0039720041568729785,95358.77759456635,69763.42449569702
14,15,94.83796933647601,0.5556016020906299,0.033293813975060926,0.13171762730456596,-0.1307110060904888,0.13675219084656776,-0.0063653260695074685,0.0037276088994325604,0.0029371880976644307,0.003870087049456714,92698.78612041473,69777.71563720703
14,16,94.79754407507606,0.6020499111621517,-0.1759031607341287,0.12354793282174657,0.1133191647807914,0.12702705121170965,-0.0037075475334183267,0.0034964065426714114,-0.005326051188299147,0.0035948655943412277,96536.23627185822,69770.9253206253
14,17,94.69742529832298,0.6585413908067804,0.1130334194941438,0.13486182219882972,0.014231912721620388,0.13124863166344752,-0.0005472222809289472,0.003816589616055307,0.0008429614612340993,0.0037143363226225835,102088.62593841553,69768.39841938019
14,18,94.69245188950501,0.7289417011309643,-0.03198321279244409,0.11772267652107345,-0.09917080021579738,0.13180656898623505,0.00430332004719355,0.0033315517872964454,0.00022130441288669908,0.0037301259490553395,97696.17237472534,69774.36174297333
14,19,94.73189987954014,0.8251666263764718,-0.09686884640204851,0.12114324615325829,-0.15349511833634455,0.11795252066489913,0.007094194075935782,0.0034283539091003764,0.00920894397904208,0.00333805637664823,79909.90489172935,69774.15252351761
15,0,109.06040406938035,0.11048464410010932,-0.15811545767201363,0.08471114456734057,0.014903772342012456,0.0835880043359163,-0.00075505028854914,0.002397325421298343,0.001219977263462548,0.0023655405523507196,58215.70034599304,69748.59338855743
15,1,108.89172961090368,0.14416766944776474,-0.17695480261065621,0.10155116060179048,0.0604452023900417,0.08184935906099335,0.00235499182194223,0.0028738978810455493,0.003300652019277527,0.0023163368904537923,45266.04640674591,69745.7999343872
15,2,108.9549731527872,0.16696634842928187,0.061890024545216304,0.11570170590578038,-0.09957335352082186,0.10108600440608678,-0.006205864249423937,0.0032743583181669205,0.0051098424650518745,0.002860733960542168,44966.85336780548,69745.86507701874
15,3,108.9482250821865,0.187889668547129,-0.11476550659273854,0.10455527598692345,0.18182349306549428,0.10825847779135565,-0.0016957666487080647,0.002958914347510216,0.0027095560284516283,0.0030637149598889786,49536.29188632965,69747.36146450043
15,4,108.9797425010492,0.20902044213928128,0.11631878924328354,0.11312002945129042,-0.13578627711553515,0.10228865767745138,0.0030962363339094943,0.003201296873589271,-0.006178013055577894,0.002894769048548303,53161.18056201935,69750.48483276367
15,5,108.94483389307268,0.23073324255352268,0.07491692431389074,0.1121155184501269,0.20649115073652302,0.11096661784549539,-0.0019012181536441574,0.003172869211900096,-0.00023040174418949635,0.0031403553243815685,59316.38660240173,69750.50759506226
15,6,108.86553856172223,0.25285932242214026,0.05791992755273068,0.11320875365997937,0.21533207396102716,0.11170691052554158,-0.001000263311309489,0.003203807768726633,-0.001415709551278753,0.0031613056074894187,62793.739685058594,69750.00511837006
15,7,108.977774682099,0.2764414316654692,0.01671969619190561,0.12477673462402783,-0.27832280847344526,0.11463598484782464,0.0036810614773277912,0.0035311816341117614,-0.0005340419952308845,0.00324419841184882,67049.67438030243,69750.78990745544
15,8,108.73225740804546,0.30010088783302225,0.04236626984761038,0.1213063544923774,0.07053582096938738,0.10970295828078108,-0.0005580299598797556,0.0034329698751552943,0.0005400889505658285,0.0031045937582519995,67023.09250450134,69738.12040042877
15,9,108.747574839005,0.3244396754300389,-0.02004856951982581,0.1164005939017891,0.17382532828919484,0.11148403017049809,0.0002624766057401158,0.0032941368487018263,-0.0035841895018156687,0.003154998093362641,71381.97298717499,69756.98439216614
15,10,108.83800402484107,0.350862064931056,-0.08887867992041953,0.12329458979962006,-0.04537564688433793,0.11326439975523335,9.172585767835972e-05,0.003489236935055382,-6.581900405812878e-05,0.0032053825532420547,76557.15334129333,69744.50949668884
15,11,108.8335408016633,0.3800956458404422,-0.10429179682280587,0.12567358076970997,-0.1354798723825772,0.12401123212288813,0.0029630432180277177,0.0035565623803526314,-0.002107500125800391,0.003509517913058024,80134.3751001358,69752.189412117
15,12,108.7068739631018,0.41159824770921316,0.3650587215758585,0.12853239359011634,0.0074740397561754435,0.12718243588553782,-0.005879906439338351,0.0036374667841840035,-0.0005768657466162837,0.00359926298066567,84929.40731525421,69738.13035869598
15,13,108.63976397083601,0.4457752909886299,-0.09157748572812174,0.12733351440116733,-0.17721463899251844,0.13263578678147536,0.002631818676018285,0.003603538502711565,-0.002804440293093626,0.0037535928129547227,88429.85543727875,69744.50790977478
15,14,108.58009204836232,0.48436412187889116,0.038456184563296913,0.12304431269409402,0.012484400363041104,0.1252574656810506,-0.0003202881191502151,0.0034821540928802355,0.0034784579617028613,0.0035447863231959946,91202.3006772995,69750.94047927856
15,15,108.52190444076788,0.5283520122398776,-0.05900203384220726,0.13050140124068646,0.1430314677466331,0.12164552032269227,-0.0026363552138594162,0.0036931897013934415,0.00014997651318058441,0.00344256826827349,93079.27140235901,69754.56598186493
15,16,108.3127528029671,0.5777287616189603,0.05181594878758933,0.1199316996249877,-0.04809154053027298,0.12259859045214823,0.0005911943574994343,0.003394067141920646,0.0006980445445986076,0.0034695401532750976,93514.58215618134,69746.68096065521
15,17,108.3945616456491,0.6358671796505084,-0.03600560111586526,0.11576050907345685,-0.1849576815663757,0.12682560827541467,-0.001802846826158869,0.0032760224478330198,-0.0008652968953531889,0.003589164759172635,93092.95586013794,69750.49643230438
15,18,108.43773515685037,0.709540293321312,-0.10444325799457921,0.1167919143843812,-0.0605798354320608,0.13430918709052952,0.0011286344627409307,0.0033052112184979643,0.009313507728424585,0.0038009500422944214,100329.407746315,69737.23118305206
15,19,108.45511688042977,0.8161205735040448,0.04483960332827652,0.11272050049700795,0.06318460086734379,0.10969498273246255,-0.0055323895172441715,0.003189990204041384,-0.0019782465734364207,0.0031043680502317564,79353.2721991539,69755.47995138168
16,0,125.46763464401165,0.10904777521544093,-0.12173584596113218,0.08292605907653824,0.06310121077769293,0.07539918964797154,-0.0011886939913277404,0.002346807501275562,-0.001772666667062386,0.0021337970937777397,48818.77892589569,69791.56174182892
16,1,125.84544167903388,0.14059695120906082,-0.00882550551698369,0.09292380039330657,-0.02489776825455159,0.08601427684490164,-0.0021552787425032634,0.0026297435840857823,-0.002490859503478559,0.0024342040652154755,41471.532064437866,69791.98673439026
16,2,125.59576567621812,0.16128595849798433,-0.15128718737059066,0.10424997015959943,-0.06690831449990386,0.09984832924328224,0.002884045044597613,0.002950274192488668,-0.0025771754867896755,0.002825707752995861,41720.26382732391,69795.39882659912
16,3,125.52315953001421,0.17998934632100191,-0.12348281676448658,0.10605175722674867,-0.09081064264999328,0.11045368775813093,1.4044497950933908e-05,0.003001264767127992,0.0018077188611056796,0.003125839402727247,44645.2843875885,69792.34667396545
16,4,125.61756656337921,0.19875238224127656,0.016476657908296666,0.10571446888931506,0.07112971580149141,0.11003611930739986,-0.002378333132258011,0.0029917195070590053,0.0032447260358652603,0.0031140222154234687,48331.71613407135,69791.15871715546
16,5,125.57995229919653,0.21757924956081312,0.16723144839886528,0.10396378043338098,-0.16824466610643918,0.11803570947123462,-0.0050366578390021646,0.0029421750231351912,0.00039729192582249086,0.0033404106198970276,53915.232378959656,69782.00667095184
16,6,125.60662194166733,0.23715836859475542,0.011379052839658232,0.11285008835456536,-0.0064780104113469905,0.10980105393082827,0.0026462845748392236,0.0031936575404562157,-0.0023045070818195745,0.003107369865183125,55622.91775894165,69794.78345394135
16,7,125.55072199619602,0.2574748819927084,-0.04246919946244898,0.10735364731453328,-0.029972430662879246,0.114626690238524,-0.003051726471129137,0.0030381082570740104,0.0007101615850816458,0.003243935374402315,63107.378953933716,69801.09654331207
16,8,125.41305069396762,0.27964524471557195,-0.10020419960453553,0.11876805619791432,0.09061090417056028,0.12228241855473128,-0.0041153520413167175,0.003361136032521784,-0.00020170851524019436,0.0034605924884660634,67052.77687644958,69783.07632637024
16,9,125.39875961659095,0.30324606465566234,-0.15830608129167423,0.12564780638114958,0.006428432024830233,0.10939367076125507,-0.002579760710357225,0.003555832965147232,0.0002359906843767308,0.0030958409213397266,74189.27880954742,69789.65020942688
16,10,125.36538093272867,0.32825992021434597,-0.09418905028205515,0.12175752651038058,-0.031023752805589444,0.10957251082852658,-0.0005839989641086619,0.0034457380434247888,-0.004822087642937893,0.0031009020953069347,70651.83149909973,69794.69334220886
16,11,125.65254450393206,0.3542911593063612,-0.03830233275134498,0.11707953899947103,-0.16175772883954465,0.11200474512700961,0.0011182324437363014,0.003313350995207011,0.0005730159839540359,0.0031697343268165903,73674.7067937851,69795.71666431427
16,12,125.77204600275795,0.3827420598733125,-0.13825948693164025,0.12292738152668721,0.07467463657707585,0.12002001402760493,-0.0011319203436302955,0.003478844940801153,-0.0033469721083294844,0.0033965664395460347,77881.18056678772,69785.30289268494
16,13,125.49636900418989,0.4154459153546927,0.02501998643521275,0.12420967154633568,-0.11487952214479391,0.11855719979778508,0.003952643855177962,0.003515133748811966,-0.004545666451636404,0.0033551687963233484,83854.45038795471,69797.64555644989
16,14,125.4742443068489,0.45053102185820165,0.20774559300382212,0.12269102313806111,0.028876606095190827,0.12156817447093457,-0.0041022394675496576,0.0034721559983192114,-0.0024859566226030066,0.003440379380641317,81887.9150428772,69789.40596961975
16,15,125.34961684159452,0.4913916891506261,-0.16675935061940583,0.11404726836281788,-0.17996399467026025,0.12765860882943778,-0.003539137438565337,0.003227537735114339,-0.008510227166247735,0.0036127386751469153,91492.93893909454,69797.57930755615
16,16,125.35481375935387,0.5410552096749217,-0.24053954504990216,0.12261735217642142,0.11209886600742136,0.11479614770842499,-0.00896318475824797,0.003470071110078676,0.00237377012877555,0.0032487310208606083,92558.99184989929,69785.77383041382
16,17,125.55774331419522,0.6038274251915385,-0.02127597571048012,0.11876142928965859,-0.07300045998530136,0.10957172552584346,-0.0032157544980488573,0.0033609484910157995,0.008136626050281322,0.0031008798712407228,103782.16905021667,69792.13486480713
16,18,125.57158263162756,0.6854308340989332,-0.1672514754534642,0.11163754598316623,0.05445193718520791,0.11409675023225295,0.0019313751762341633,0.003159342590915594,-0.0019647844053147547,0.003228938072036902,99770.86260318756,69788.96339511871
16,19,125.06950973626029,0.8029682681775762,-0.21468556927988003,0.11445615379589166,-0.5324722876048695,0.11263159027871072,0.0042975685258315145,0.0032391091930153372,-0.0006166698061676244,0.00318747404483204,80663.33509922028,69798.52104663849
17,0,146.0760778755123,0.10896318713439213,-0.06489624286680706,0.07916811564592832,-0.03482344412253058,0.07473668944464651,-0.001473672871869832,0.0022404577008565568,0.0001942495042648542,0.002115048337788688,34999.763286590576,69739.87739276886
17,1,146.40978316047844,0.13977646459291865,-0.2108212538179448,0.08106423537873003,0.12761339269649818,0.08100478707019128,-0.0044474604774635326,0.002294117889967301,0.0017337214961557369,0.00229243550281457,34408.262919425964,69748.86665916443
17,2,146.15950105674193,0.16005322262687466,-0.03937356050113794,0.08923024041521285,-0.1283536909863695,0.09638583512183287,-0.0017880442025068168,0.002525215835395819,-0.0019153176526149084,0.002727719168130879,38469.75956726074,69747.98253059387
17,3,146.45425364450492,0.17813183617488754,-0.033844408097611356,0.09950414265078786,-0.03019453456403609,0.10093125975227192,-0.002058063356322553,0.002815967272306206,0.0030806502897706488,0.0028563546867843284,41192.62921524048,69731.85249710083
17,4,146.68014089104375,0.19510557921803695,-0.18488939883157518,0.09847364604113686,-0.11024138299279795,0.09749936280113614,0.0012113850694168507,0.002786804217887619,0.00022469395276812978,0.0027592320018500712,43821.60918426514,69747.08968544006
17,5,146.54079886519392,0.21237181246467213,-0.02744458388977633,0.1033440648909027,-0.08910395600503507,0.1026603260184379,-0.006109091222740061,0.002924637073063274,0.002803461912172678,0.0029052872627300334,48817.087193489075,69742.52255821228
17,6,146.34169973133987,0.23038430929188675,-0.14348311944992853,0.10812398857532195,-0.05764482395612902,0.10511191331001532,0.001844252786975632,0.003059908915027528,-0.0026319122470671447,0.002974667183951125,52720.51677417755,69756.16976451874
17,7,146.13141872496345,0.24918495958256562,0.0891196574753439,0.10702879383025933,-0.28765300015872086,0.10816248015907502,-0.002051838492867485,0.0030289149033538507,-0.0011795805680539294,0.0030609982268613926,54758.94769859314,69736.76556587219
17,8,146.64750640870213,0.26938865111793076,0.02975327700227548,0.10009677677888774,0.15161793219662778,0.09840432550856222,0.001629545368653503,0.002832738818341608,-0.0009189108997645461,0.0027848424467911722,59799.76852607727,69747.99649810791
17,9,146.14980553393514,0.2901478260655108,-0.11189368998858895,0.10694365269666949,0.00874260841546981,0.0954487924694193,-0.004653496107182094,0.003026505409243059,-0.002018549937149363,0.0027012008607352517,60247.74580478668,69745.55230426788
17,10,145.96636418652824,0.31222888809527094,0.06794492313030531,0.10549338411645397,-0.019569355773352615,0.10985635411537624,1.485500240248341e-05,0.002985462807908628,0.0036649046510489197,0.0031089348604254425,63047.27030181885,69742.66794586182
17,11,146.23732378452493,0.33673649333774536,-0.0389432275082886,0.10618087592232445,-0.22541809970175697,0.11157819396902892,0.0009113956801211039,0.0030049188262585786,-0.0035539644562437005,0.0031576629288944604,69671.9257440567,69741.39332199097
17,12,146.243545758386,0.3636351650076246,-0.24961863365985892,0.10720993383494541,0.02846968757524837,0.11321599875539883,-0.0007475441538344851,0.003034041165550705,0.003889618226582206,0.003204012804929573,73119.8461637497,69739.75768375397
17,13,146.2839978156135,0.3940433254878514,-0.038638200701600844,0.1074227763895906,-0.011401358586211163,0.11104856731346784,-0.0035748324078662525,0.0030400646099226474,-0.004421093318155411,0.0031426744943542527,75247.01493740082,69747.5664024353
17,14,146.19943451787924,0.42842290042989056,-0.060703471328826586,0.11500804501728842,0.09486489382632302,0.11592716653276079,0.0016413237537612254,0.0032547277147765927,-0.002457385906658116,0.003280738853990426,77870.49782657623,69739.55583572388
17,15,146.11613500589974,0.4662296997408233,0.0179147557948367,0.11752275630952037,0.06221481984282495,0.11107007140870084,0.0011077039176914162,0.003325894045238593,-0.003360929463926729,0.0031432830602569715,79976.87340641022,69747.6546382904
17,16,146.29536712275922,0.5124118656209509,-0.06546386554895767,0.10735149330698876,0.03495565972281134,0.11040870977652006,-0.00212346856803508,0.003038047298659736,-0.0031486356089813995,0.003124566525831705,87402.83709716797,69745.54257202148
17,17,146.119463111026,0.5741914181612535,0.010406841113022258,0.11189869577460883,-0.011385377689165477,0.10146666860085482,0.0006848881170405247,0.003166733130106038,0.00544924282179491,0.0028715067573891044,95539.40339660645,69744.02112102509
17,18,146.03263391804103,0.6619510632568777,-0.10722473259555709,0.1034851592705927,-0.29182721507863296,0.10173995793967557,-0.001676647900818888,0.00292863004405854,0.00118032064523187,0.0028792408457746534,104070.78864574432,69747.85164546967
17,19,145.85464702417278,0.7921905139973898,-0.2553555404345307,0.10527702543587882,-0.14662012864308416,0.10559473213917131,0.00044959360609371317,0.002979339857171619,-0.0033227947996909914,0.0029883309569874697,74479.15508747101,69736.89637851715
18,0,173.97594955902065,0.11082444851319692,0.037155893704055254,0.062221484369433123,-0.08011560744614088,0.07142279065306148,-0.0004215075876051344,0.0017608680297216594,-0.004389702993563988,0.002021265000811564,21850.23673725128,69767.06924152374
18,1,173.74125529604805,0.1450510129835106,0.011682399183174486,0.08027431955415276,-0.09858351762071127,0.07545694683932923,-0.0019440336303929297,0.002271763271851621,6.484502145844169e-05,0.0021354316223136448,31499.145426750183,69766.41469573975
18,2,174.34843753671967,0.1671560579718831,-0.11909215903211434,0.08581592659773017,-0.03975965952888649,0.07730194614642878,0.0009846870310637947,0.0024285907531501785,-0.004885195422196466,0.0021876451033588863,36292.33926200867,69765.2456111908
18,3,174.35872133779907,0.18588952730415031,0.04098286866701395,0.08428515080649611,0.03317471508701875,0.08465808380277047,-0.0010857026081695395,0.0023852697977153675,0.0026202662670058974,0.002395823801642193,38175.169615745544,69763.86511898041
18,4,174.5038727087332,0.20327539284199714,-0.13766171021275997,0.08991459978018526,-0.16496762368904716,0.09213020896581842,-0.0016378604822076584,0.002544583205667243,-0.004018363776796622,0.0026072849464064234,43217.172459602356,69777.79595470428
18,5,174.874318295885,0.22066404896688094,-0.02813897203355953,0.0857974239529836,-0.27399871213357685,0.0909747265829079,-0.0011553938229959333,0.0024280671282972894,0.0031699658961188994,0.0025745847945602674,47247.686655044556,69760.78859424591
18,6,173.94080056273285,0.2377644099010502,-0.04285427297886746,0.09958901334241056,-0.03981682200617287,0.09249480590670883,-0.004033099847241944,0.002818369112909226,-0.004830959582297631,0.0026176030399629245,48819.10365867615,69774.86726760864
18,7,174.4349754647312,0.2550486527826884,-0.08139706990019013,0.09344911982045541,0.001837174197227176,0.09379636129176144,9.675887860995547e-05,0.002644610124060398,-0.0005484140324535703,0.002654437057821506,52413.03039264679,69758.552318573
18,8,174.44472348605802,0.2736444378549624,0.1116993210630608,0.10795251682999031,-0.18554927070528737,0.09672423625703477,8.434957418723536e-05,0.0030550562645738316,-0.0016859077085042001,0.002737295920377106,55026.97857570648,69771.34427070618
18,9,174.9004133923103,0.2925969629762291,-0.21572534926489428,0.10180575521097025,-0.0482201126596854,0.09708571064459505,-0.0045017249054893575,0.002881102908575628,-0.0028567969132892446,0.002747525645673257,56550.353801727295,69769.84725189209
18,10,174.6436792192556,0.31212902000094794,0.019312013062542155,0.10449224090535272,-0.0049196712565882095,0.09847356830057098,0.0024770242770276473,0.0029571304546794084,0.0027007348334373692,0.002786802017829576,59258.282709121704,69768.39023303986
18,11,174.63100055483716,0.33414818632403853,0.09766529461663875,0.10456718179688411,-0.2421367586049742,0.09257794627659031,-0.002769498851543515,0.002959251281936322,-0.001183659257417681,0.0026199559124600543,63489.2336769104,69766.36426258087
18,12,174.94005965405532,0.35732535510679203,0.03908403070117128,0.1040540185739541,0.012003418755035744,0.10288731459631506,-0.003215744539171814,0.0029447287625454107,-0.007277499025595147,0.002911711039564458,64483.30262470245,69764.27860927582
18,13,174.8263569843986,0.3842062014012809,0.03498484996379814,0.10554822253654363,-0.09274034208791715,0.09943539883445272,-0.003449662523289306,0.002987014735216615,0.004938837241028495,0.0028140218222795416,72678.83855438232,69760.91239452362
18,14,174.65703441992824,0.41531518675500834,-0.029153519372612346,0.10800667423149245,0.17922518814586885,0.10005933262304177,-9.461425900585466e-05,0.0030565889190555472,0.0012477767560389675,0.002831679148717888,76195.47586250305,69773.88283443451
18,15,174.04864951723653,0.4508324867177635,-0.12911036881451599,0.10780716753862873,-0.013024350658875194,0.10223701720671312,0.0028602420360392135,0.0030509428795767505,0.006505805441991927,0.002893307623208097,76268.16216373444,69767.35066223145
18,16,174.4433549148018,0.49236278856303467,-0.011947448372473524,0.10611658874323635,0.034977575953454965,0.10557233148725018,0.00034062015561480124,0.003003099499067586,-0.003130164007767217,0.002987697018530159,83509.41036891937,69760.66808223724
18,17,174.96033735066578,0.5471559476965898,-0.20192740301619172,0.1097944261340846,-0.09493738445785505,0.10938860694442262,-0.002804084253501135,0.0031071822985329293,-0.0021180660001274055,0.0030956976153215738,92160.84581947327,69772.47995662689
18,18,174.7800661899903,0.6292845354558096,-0.16849905644186713,0.10219714428023445,-0.062215570500175676,0.09937914970472435,0.0023837165285243963,0.002892179219374614,0.0005295984444176061,0.00281242997188828,110550.6510477066,69762.38560581207
18,19,173.9526243598298,0.7667737159282397,-0.14847611088805268,0.09783364320516248,-0.28708413323750914,0.10158868486570284,-0.003085789631177164,0.002768692137402568,4.196597581368487e-05,0.0028749598177275765,80853.18834209442,69769.81926345825
19,0,224.8516306592657,0.11706472386928393,-0.10248512308163527,0.05749933890968435,-0.055316191078979005,0.06349884957177436,-0.003088031992872149,0.001627231311536072,-0.0006709595210751245,0.0017970174654009323,9415.565026283264,69768.32914543152
19,1,228.65887695866473,0.16018639018922523,-0.06151787990271729,0.06389731428329029,-0.1121435577833012,0.058491848703011606,-0.0013647324564589809,0.0018082940168781478,1.3351589943469049e-05,0.001655319339039225,22348.22859287262,69768.13547039032
19,2,228.50285847965796,0.187441687038735,-0.17858862271223674,0.07180266617543977,-0.025428879795737824,0.07251707543783747,-0.0033226371200769235,0.0020320154782295908,-0.004172582442720807,0.0020522332606088107,28511.131318092346,69768.4096031189
19,3,227.9295990149678,0.2105379333476824,-0.024199061539341815,0.07115471216868445,-0.17624697903666764,0.07164214665131673,-0.0018256844151754506,0.0020136783796086194,-0.0021408438369809497,0.0020274727756399813,35841.20446014404,69768.29549789429
19,4,230.3320288230186,0.23211086003334486,-0.06314023449978579,0.07644895030849132,-0.01928263063148772,0.076627749651916,-0.0005378625448284561,0.0021635053208427426,-0.0015685237562976923,0.0021685653423250753,41443.92706871033,69768.20737361908
19,5,231.93934477017908,0.25290902930931214,-0.1020755788214569,0.077923741082027,0.00597102748492917,0.07770817311444557,0.0026136142549581715,0.0022052419002568354,0.0006021016230912363,0.0021991413266978298,47248.89477729797,69783.8362083435
19,6,234.27909765612307,0.27316344773530166,-0.24086714017004462,0.08198242001260722,-0.053944030136204524,0.08145035565176198,-0.0027807238375916507,0.002320102515431656,-0.002286673467911396,0.002305045093831041,49474.19927883148,69768.21964454651
19,7,234.97741275654062,0.29206133408349005,0.01502322175367321,0.08990093778614971,-0.02919191471551663,0.08499849004116684,-0.006439036109519512,0.002544196571231191,0.0011916692957855317,0.0024054572983095344,50874.84522438049,69768.09571170807
19,8,235.4696013024771,0.3107809326637379,-0.005382066907783534,0.08643114573258856,-0.2151316166663998,0.09195229555251197,-0.0024346898475591187,0.0024460014548848613,0.00038427126280006583,0.0026022499967467533,52197.57369709015,69767.60429859161
19,9,238.22842131939012,0.3302955879554138,-0.06273243431973352,0.08786159715733179,0.08248270186410034,0.09498957113057974,-0.0028187487937312147,0.0024864832307123982,-0.0077764265593863215,0.002688204896683234,55450.066080093384,69767.4295578003
19,10,241.1908587307062,0.3506587967491921,0.042819142675848854,0.08681710785814288,-0.09849513451524383,0.10088502815539256,-0.0016650223248664004,0.0024569241831749254,0.0047721095259995305,0.0028550463325762465,60320.45978927612,69766.6219291687
19,11,243.2877942610251,0.3725740366043059,-0.08545791686371684,0.08442508132682419,-0.010705210073923999,0.09423846402146649,-0.0023028063228585785,0.0023892298314902804,-0.004034183150827406,0.0026669485652289497,64988.65002632141,69766.12874317169
19,12,241.13063068536124,0.39579610204742877,-0.05492009675857057,0.09139198937053207,-0.07910628486142401,0.09484992004550898,-0.0019163814799959572,0.0025863933315980092,-0.002133649843691302,0.0026842527709262025,67369.0926733017,69780.60315227509
19,13,241.46069747031888,0.42088031531356285,0.045421444160194335,0.09894200716305857,-0.0394540352340258,0.1012057420082838,0.0019483547783694529,0.0028000588378041076,-0.0026856507991019057,0.0028641225347268077,68707.25525379181,69764.19760227203
19,14,241.45803761866884,0.4489052559259142,-0.029012687785514246,0.09376194833268049,0.09321379600997193,0.09724440463516305,-0.0049317910042870105,0.0026534631710673096,0.0006963667009956368,0.002752016685662613,77560.70267486572,69777.90129566193
19,15,244.60614803383538,0.48041676873938016,-0.08428023891471204,0.09814225919112472,-0.281815293861959,0.09658854616977502,-0.00466300284719701,0.00277742596991475,0.0022910170890763394,0.0027334558908595316,81340.28933048248,69761.43796157837
19,16,247.7068406182615,0.5170839314596322,-0.1210637058282018,0.09279451045938725,-0.06245180482616908,0.1015100266761801,0.0028232489781059135,0.002626084678910012,-0.005065710402917941,0.0028727337909361865,99682.10998725891,69773.66609668732
19,17,253.60966016793336,0.5647538058652368,-0.14506019818755078,0.09174881350289668,-0.2299366618386709,0.09801597338526566,0.0015624928500761965,0.0025964914546704764,0.0010099612657254436,0.00277385208156415,111404.87578392029,69768.73550987244
19,18,253.4155602233855,0.6280601301219146,-0.11171584222616504,0.09177698662101051,-0.174293387839751,0.08644782047538185,-0.0029420834973255578,0.0025972887539230903,-0.00013703785327419393,0.0024464733501118213,115939.27297592163,69764.54592227936
19,19,254.91940512582846,0.7517332726368998,-0.512430217305518,0.11873543637919047,-0.3557616759421276,0.10971341914951949,-0.0011856630003829393,0.0033602128916403328,0.0016419846884353057,0.003104889800841008,111463.49544239044,69772.85286521912
